category_GPT,time,amount_asked,amount_funded,funding_status
children,2023-07-31 17:34:30,156.0,0.0,False
work,2023-07-31 15:30:30,82.72,0.0,False
school,2023-07-31 07:00:36,1934.06,0.0,False
school,2023-07-28 12:12:53,317.0,79.66,True
school,2023-07-31 17:37:05,79.73,0.0,False
meals,2023-07-31 17:16:03,49.82,0.0,False
emergency,2023-07-31 12:38:47,440.0,0.0,False
entertainment,2023-07-28 19:54:55,38.5,0.0,False
entertainment,2023-07-31 13:14:44,66.0,0.0,False
work,2023-07-27 20:48:01,25.0,0.0,False
entertainment,2023-07-31 14:36:42,66.0,0.0,False
meals,2023-07-31 16:39:49,26.2,0.0,False
emergency,2023-07-31 10:40:36,12038.0,0.0,False
clothing,2023-07-31 17:18:15,73.55,0.0,False
emergency,2023-07-31 17:32:17,154.0,0.0,False
school,2023-07-31 15:08:27,757.0,0.0,False
groceries,2023-07-31 16:30:36,110.12,0.0,False
groceries,2023-07-31 06:20:16,6.0,0.0,False
entertainment,2023-07-31 16:50:25,269.0,0.0,False
bills,2023-07-31 17:28:27,235.25,0.0,False
bills,2023-07-31 16:45:36,330.0,0.0,False
children,2023-07-31 10:21:41,95.0,0.0,False
entertainment,2023-07-28 10:16:53,70.0,0.0,False
groceries,2023-07-31 16:31:44,7.61,8.0,True
entertainment,2023-07-31 16:50:31,126.5,0.0,False
groceries,2023-07-31 16:55:26,12.0,0.0,False
household essentials,2023-07-31 15:08:57,43.45,0.0,False
meals,2023-07-31 17:29:20,23.86,0.0,False
entertainment,2023-07-25 14:22:50,47.1,0.0,False
groceries,2023-07-31 17:26:01,96.0,0.0,False
bills,2023-07-31 10:14:23,55.0,0.0,False
entertainment,2023-07-31 16:33:38,19.18,0.0,False
groceries,2023-07-31 16:18:16,25.0,0.0,False
meals,2023-07-31 17:09:17,37.9,0.0,False
groceries,2023-07-31 10:18:51,34.89,0.0,False
entertainment,2023-07-18 11:13:08,22.18,5.0,True
groceries,2023-07-31 16:17:27,15.96,0.0,False
groceries,2023-07-28 15:02:22,112.0,0.0,False
school,2023-07-26 14:16:40,932.79,0.0,False
transportation,2023-07-27 19:28:52,33.0,0.0,False
school,2023-07-31 16:48:36,41.89,0.0,False
pets,2023-07-31 16:50:43,15.4,0.0,False
clothing,2023-07-31 16:39:39,11.5,0.0,False
meals,2023-07-31 16:41:49,33.39,0.0,False
pets,2023-07-31 16:52:12,25.0,0.0,False
work,2023-07-31 16:57:56,66.0,0.0,False
bills,2023-07-31 16:57:20,109.1,0.0,False
children,2023-07-28 14:43:58,6.0,6.0,True
entertainment,2023-07-21 20:57:36,33.02,0.0,False
school,2023-07-31 14:46:06,77.74,10.0,True
meals,2023-07-31 12:44:58,15.0,0.0,False
household essentials,2023-07-27 23:53:53,201.0,0.0,False
groceries,2023-07-31 14:47:28,6.0,0.0,False
meals,2023-07-31 12:38:10,29.59,0.0,False
entertainment,2023-07-18 10:09:01,13.98,0.0,False
work,2023-07-31 15:43:48,54.5,5.0,True
groceries,2023-07-31 15:37:03,28.0,0.0,False
groceries,2023-07-31 15:52:03,33.02,0.0,False
bills,2023-07-31 13:03:09,226.32,0.0,False
school,2023-07-27 16:40:29,112.96,0.0,False
bills,2023-07-31 13:22:34,60.75,0.0,False
groceries,2023-07-31 08:45:43,111.24,0.0,False
transportation,2023-07-20 18:39:18,177.4,177.4,True
meals,2023-07-31 11:12:03,60.0,0.0,False
entertainment,2023-07-31 13:20:11,161.1,0.0,False
entertainment,2023-07-31 09:54:16,21.76,0.0,False
bills,2023-07-31 12:32:37,314.16,0.0,False
clothing,2023-07-31 11:45:40,147.0,0.0,False
clothing,2023-07-27 14:37:08,25.0,0.0,False
transportation,2023-07-31 15:19:50,63.8,0.0,False
emergency,2023-07-27 19:20:58,183.7,90.0,True
school,2023-07-28 16:56:13,21.98,0.0,False
groceries,2023-07-24 14:12:37,48.0,0.0,False
entertainment,2023-07-27 21:39:42,30.52,0.0,False
transportation,2023-07-21 15:31:41,100.0,0.0,False
transportation,2023-07-31 15:05:25,16.5,0.0,False
pets,2023-07-27 21:36:34,20.0,0.0,False
bills,2023-07-21 13:43:51,669.9,0.0,False
entertainment,2023-07-31 12:42:08,23.0,0.0,False
children,2023-07-26 21:12:42,238.13,0.0,False
entertainment,2023-07-31 12:26:04,9.0,9.0,True
emergency,2023-07-31 14:03:59,271.91,0.0,False
household essentials,2023-07-28 12:06:38,130.97,0.0,False
pets,2023-07-31 12:05:51,23.3,0.0,False
school,2023-07-31 10:46:33,149.6,0.0,False
groceries,2023-07-31 10:00:49,75.0,0.0,False
entertainment,2023-07-31 13:34:40,26.0,0.0,False
work,2023-07-31 11:32:41,30.0,0.0,False
entertainment,2023-07-31 14:11:40,148.0,0.0,False
transportation,2023-07-27 08:34:27,24.2,24.2,True
entertainment,2023-07-20 23:04:36,155.0,0.0,False
school,2023-07-31 13:15:03,27.0,0.0,False
household essentials,2023-07-31 10:22:24,70.0,0.0,False
bills,2023-07-28 08:26:41,400.0,0.0,False
meals,2023-07-31 11:18:12,19.87,0.0,False
work,2023-07-31 11:36:36,142.0,0.0,False
entertainment,2023-07-31 11:01:15,82.5,0.0,False
bills,2023-07-27 13:29:29,172.73,0.0,False
entertainment,2023-07-19 12:43:52,55.0,0.0,False
work,2023-07-28 22:41:34,50.54,0.0,False
entertainment,2023-07-31 10:43:47,140.8,0.0,False
entertainment,2023-07-31 12:06:25,8.0,8.0,True
clothing,2023-07-31 09:34:48,73.5,0.0,False
bills,2023-07-18 07:40:29,1922.8,0.0,False
school,2023-07-27 18:07:01,205.75,0.0,False
bills,2023-07-27 23:37:38,216.27,0.0,False
entertainment,2023-07-28 17:52:42,52.5,0.0,False
entertainment,2023-07-27 08:01:30,8.0,9.0,True
bills,2023-07-31 09:59:32,125.5,0.0,False
bills,2023-07-31 12:19:14,151.78,0.0,False
entertainment,2023-07-28 03:13:36,13.0,15.0,True
bills,2023-07-28 20:58:01,42.0,0.0,False
groceries,2023-07-30 19:00:00,23.7,0.0,False
entertainment,2023-07-30 19:00:00,30.0,0.0,False
pets,2023-07-30 16:00:00,40.25,0.0,False
clothing,2023-07-15 01:09:00,166.21,0.0,False
pets,2023-07-30 18:00:00,14.0,0.0,False
entertainment,2023-07-30 17:00:00,13.0,0.0,False
entertainment,2023-07-25 18:03:00,52.14,0.0,False
school,2023-07-28 21:16:00,68.22,0.0,False
entertainment,2023-07-28 23:01:00,4864.0,0.0,False
work,2023-07-30 17:00:00,95.7,0.0,False
bills,2023-07-30 19:00:00,256.51,0.0,False
work,2023-07-30 18:00:00,29.49,0.0,False
pets,2023-07-26 10:53:00,14.08,14.08,True
work,2023-07-30 18:00:00,115.0,0.0,False
entertainment,2023-07-30 18:00:00,7.0,10.0,True
household essentials,2023-07-27 16:33:00,138.75,0.0,False
pets,2023-07-26 16:37:00,43.8,0.0,False
bills,2023-07-28 23:18:00,113.87,0.0,False
groceries,2023-07-28 22:53:00,60.0,0.0,False
groceries,2023-07-30 17:00:00,18.87,0.0,False
transportation,2023-07-28 13:59:27,22.0,40.0,True
school,2023-07-31 10:49:15,27.5,0.0,False
entertainment,2023-07-31 07:49:18,14.89,0.0,False
children,2023-07-28 23:14:17,218.0,0.0,False
household essentials,2023-07-12 10:29:58,43.0,0.0,False
pets,2023-07-06 20:14:07,41.17,0.0,False
bills,2023-07-24 11:58:19,37.0,0.0,False
bills,2023-07-21 21:00:14,248.22,0.0,False
work,2023-07-31 10:30:33,13.52,0.0,False
school,2023-07-31 08:53:15,20.0,0.0,False
entertainment,2023-07-31 07:59:17,33.0,0.0,False
work,2023-07-31 07:53:14,30.3,0.0,False
entertainment,2023-07-31 08:05:22,4.0,4.0,True
household essentials,2023-07-28 11:05:04,48.58,0.0,False
children,2023-07-31 09:15:37,18.7,0.0,False
emergency,2023-07-28 12:10:26,36.83,0.0,False
transportation,2023-07-31 09:03:45,22.0,0.0,False
school,2023-07-28 22:38:57,114.94,0.0,False
meals,2023-07-31 08:26:52,25.86,0.0,False
clothing,2023-07-27 04:29:16,15.89,0.0,False
transportation,2023-07-28 05:48:17,61.73,0.0,False
school,2023-07-28 19:56:09,18.67,0.0,False
groceries,2023-07-28 20:42:58,56.29,0.0,False
school,2023-07-26 17:10:39,163.0,0.0,False
emergency,2023-07-31 08:47:52,11.0,0.0,False
entertainment,2023-07-24 16:44:02,34.76,34.76,True
entertainment,2023-07-28 15:21:17,58.5,0.0,False
entertainment,2023-07-28 16:36:50,7.0,0.0,False
work,2023-07-28 19:40:31,22.0,22.0,True
meals,2023-07-28 21:59:52,9.24,0.0,False
work,2023-07-28 16:33:48,32.0,15.0,True
work,2023-07-28 11:49:49,218.0,0.0,False
emergency,2023-07-28 22:10:27,659.25,0.0,False
housing,2023-07-28 19:34:39,5500.0,0.0,False
school,2023-07-28 21:33:21,14.05,14.05,True
pets,2023-07-28 20:20:31,15.03,0.0,False
groceries,2023-07-28 21:36:56,20.02,0.0,False
clothing,2023-07-26 11:58:26,56.0,35.0,True
work,2023-07-28 21:16:07,52.4,0.0,False
emergency,2023-07-27 20:21:52,26.54,26.54,True
groceries,2023-07-28 21:50:03,166.0,0.0,False
emergency,2023-07-28 11:33:29,8.0,8.0,True
work,2023-07-28 20:54:57,32.0,0.0,False
bills,2023-07-28 09:43:43,90.0,0.0,False
bills,2023-07-25 21:43:29,228.59,0.0,False
meals,2023-07-26 11:07:27,21.0,0.0,False
groceries,2023-07-28 06:10:30,30.0,0.0,False
meals,2023-07-28 10:46:26,80.0,0.0,False
groceries,2023-07-28 22:10:36,361.0,0.0,False
work,2023-07-27 20:59:18,382.0,0.0,False
meals,2023-07-27 17:29:14,35.59,0.0,False
transportation,2023-07-28 14:32:01,11.0,0.0,False
transportation,2023-07-28 16:57:32,40.0,5.0,True
clothing,2023-07-28 22:42:53,188.54,0.0,False
transportation,2023-07-28 10:11:29,22.0,5.0,True
groceries,2023-07-28 18:49:29,27.0,0.0,False
clothing,2023-07-27 00:46:36,267.3,0.0,False
school,2023-07-28 20:06:55,41.46,15.0,True
emergency,2023-07-28 13:57:25,605.0,0.0,False
school,2023-07-12 01:02:13,235.0,0.0,False
children,2023-07-28 00:28:18,58.0,0.0,False
children,2023-07-28 15:21:57,108.63,0.0,False
entertainment,2023-07-28 20:57:25,7.07,7.07,True
emergency,2023-07-28 13:14:16,270.0,0.0,False
school,2023-07-27 16:57:06,83.0,0.0,False
school,2023-07-28 05:00:35,233.81,0.0,False
pets,2023-07-28 10:14:20,19.0,20.0,True
pets,2023-07-28 16:25:58,59.69,0.0,False
clothing,2023-07-24 11:42:16,216.7,0.0,False
housing,2023-07-24 22:02:13,600.0,0.0,False
household essentials,2023-07-28 11:33:19,220.0,0.0,False
school,2023-07-26 12:53:03,66.0,0.0,False
entertainment,2023-07-28 13:32:44,17.0,17.0,True
entertainment,2023-07-28 00:33:13,78.0,0.0,False
entertainment,2023-07-28 20:04:11,46.4,0.0,False
meals,2023-07-28 20:14:11,30.0,0.0,False
children,2023-07-28 20:24:54,35.12,0.0,False
meals,2023-07-28 19:26:22,21.9,0.0,False
entertainment,2023-07-28 19:25:40,6.34,0.0,False
entertainment,2023-07-28 00:47:03,27.0,0.0,False
clothing,2023-07-25 20:22:49,97.99,10.0,True
children,2023-07-28 13:33:15,230.77,0.0,False
entertainment,2023-07-28 19:26:44,31.0,0.0,False
household essentials,2023-07-28 15:46:51,472.93,0.0,False
transportation,2023-07-27 16:01:04,11.0,11.0,True
entertainment,2023-07-28 10:16:05,110.0,0.0,False
school,2023-07-28 17:53:23,196.49,0.0,False
children,2023-07-28 19:48:45,26.16,0.0,False
entertainment,2023-07-28 16:52:01,22.0,0.0,False
bills,2023-07-28 18:16:56,456.0,0.0,False
work,2023-07-28 19:38:55,10.58,0.0,False
groceries,2023-07-27 22:56:41,88.82,0.0,False
bills,2023-07-26 13:37:26,23.87,0.0,False
groceries,2023-07-27 15:34:39,92.88,0.0,False
entertainment,2023-07-27 14:01:26,387.0,0.0,False
entertainment,2023-07-26 10:41:30,130.0,0.0,False
entertainment,2023-07-25 23:19:22,116.3,0.0,False
transportation,2023-07-28 10:33:02,1396.0,0.0,False
meals,2023-07-25 21:15:26,21.0,0.0,False
entertainment,2023-07-28 12:45:32,8.72,18.72,True
children,2023-07-27 12:20:55,55.34,0.0,False
entertainment,2023-07-27 21:12:04,69.0,20.0,True
groceries,2023-07-28 17:19:32,44.04,0.0,False
school,2023-07-28 16:49:27,37.26,0.0,False
bills,2023-07-28 14:20:29,30.53,0.0,False
meals,2023-07-28 14:45:40,28.0,0.0,False
meals,2023-07-28 18:23:16,28.86,0.0,False
groceries,2023-07-28 11:26:10,30.0,0.0,False
emergency,2023-07-24 20:46:06,215.6,0.0,False
entertainment,2023-07-07 09:03:33,93.28,0.0,False
pets,2023-07-28 04:00:57,42.0,0.0,False
emergency,2023-07-28 17:14:13,17.6,0.0,False
groceries,2023-07-28 17:26:48,48.88,0.0,False
school,2023-07-27 22:33:35,64.48,0.0,False
entertainment,2023-07-21 13:51:18,15.0,0.0,False
pets,2023-07-28 15:35:34,198.0,0.0,False
bills,2023-07-27 16:21:35,20.0,0.0,False
entertainment,2023-07-28 11:37:36,6.0,6.0,True
meals,2023-07-28 14:10:02,73.0,0.0,False
entertainment,2023-07-28 13:22:59,55.0,0.0,False
entertainment,2023-07-27 18:20:08,12.0,0.0,False
clothing,2022-03-01 14:12:13,50.0,0.0,False
work,2023-07-28 11:52:20,31.57,0.0,False
pets,2023-07-25 16:04:08,19.0,0.0,False
meals,2023-07-28 14:48:22,33.31,0.0,False
school,2023-07-28 16:25:24,366.63,0.0,False
entertainment,2023-07-28 16:22:47,29.79,0.0,False
work,2023-07-28 14:36:54,20.0,0.0,False
emergency,2023-07-25 19:43:26,138.67,0.0,False
household essentials,2023-07-27 23:16:01,114.88,0.0,False
transportation,2023-07-27 15:28:58,22.0,0.0,False
bills,2023-07-27 00:36:33,135.13,0.0,False
children,2023-07-25 15:15:18,22.0,0.0,False
household essentials,2023-07-24 21:19:51,32.0,0.0,False
emergency,2023-07-27 15:54:00,22.0,10.0,True
entertainment,2023-07-27 20:51:14,48.14,0.0,False
entertainment,2023-07-25 23:56:16,31.08,0.0,False
work,2023-07-28 15:13:09,39.0,0.0,False
pets,2023-07-28 12:42:42,93.5,0.0,False
emergency,2023-07-28 01:00:05,950.0,0.0,False
housing,2023-07-28 15:21:35,82.0,0.0,False
work,2023-07-28 14:46:46,19.38,0.0,False
groceries,2023-07-27 16:53:02,92.48,0.0,False
groceries,2023-07-27 13:37:40,36.0,0.0,False
entertainment,2023-07-27 23:20:50,48.68,0.0,False
children,2023-07-28 09:01:39,31.0,0.0,False
pets,2023-07-27 05:52:38,50.0,0.0,False
pets,2023-07-11 15:23:08,550.0,0.0,False
entertainment,2023-07-27 17:42:59,17.49,0.0,False
emergency,2023-07-28 11:13:32,35.0,35.0,True
pets,2023-07-27 23:53:24,50.13,51.0,True
clothing,2023-07-20 07:30:09,197.43,0.0,False
school,2023-07-27 14:09:09,39.19,0.0,False
clothing,2023-07-24 22:42:03,233.0,0.0,False
bills,2023-07-28 04:04:39,541.0,0.0,False
transportation,2023-07-27 12:03:07,11.0,0.0,False
housing,2023-07-28 13:20:34,40.5,0.0,False
bills,2023-07-28 13:21:51,55.0,0.0,False
work,2023-07-28 09:17:12,60.0,0.0,False
pets,2023-07-28 04:24:42,45.0,0.0,False
entertainment,2023-07-24 13:13:39,102.52,0.0,False
transportation,2023-07-27 21:16:53,77.0,0.0,False
meals,2023-07-28 10:39:54,31.0,0.0,False
groceries,2023-07-27 07:48:58,30.0,0.0,False
meals,2023-07-28 12:31:28,25.0,0.0,False
meals,2023-07-28 12:15:05,17.0,0.0,False
transportation,2023-07-28 09:45:25,36.0,0.0,False
meals,2023-07-28 09:55:33,31.0,0.0,False
school,2023-07-27 07:19:46,52.87,25.0,True
children,2023-07-26 12:51:25,63.0,0.0,False
groceries,2023-07-27 21:13:19,23.79,0.0,False
bills,2023-07-21 06:31:14,24.2,0.0,False
transportation,2023-07-28 10:13:06,30.0,0.0,False
children,2023-07-28 02:50:25,35.0,0.0,False
entertainment,2023-07-20 11:04:11,371.95,0.0,False
bills,2023-07-25 09:42:12,162.6,0.0,False
entertainment,2023-07-26 11:31:06,15.0,15.0,True
children,2023-06-26 14:04:49,35.33,0.0,False
entertainment,2023-07-27 09:45:16,38.6,5.0,True
work,2023-07-27 14:44:09,29.0,0.0,False
school,2023-07-25 11:05:13,90.0,0.0,False
work,2023-07-25 02:24:40,99.0,0.0,False
work,2023-07-26 11:23:24,5.5,0.0,False
bills,2023-07-24 10:36:51,257.57,0.0,False
entertainment,2023-07-27 03:59:06,26.04,0.0,False
household essentials,2023-07-24 13:14:57,580.81,0.0,False
groceries,2023-07-27 21:39:35,20.0,0.0,False
meals,2023-07-28 09:04:54,26.0,0.0,False
entertainment,2023-07-27 12:16:21,22.0,0.0,False
transportation,2023-07-25 17:55:30,27.5,0.0,False
entertainment,2023-07-27 00:17:59,335.0,0.0,False
emergency,2023-07-26 07:42:01,2160.0,0.0,False
entertainment,2023-07-27 10:14:22,4.5,35.0,True
transportation,2023-07-27 08:52:04,22.0,0.0,False
groceries,2023-07-24 07:33:14,199.39,0.0,False
entertainment,2023-07-26 09:08:36,4.0,5.0,True
work,2023-07-27 20:50:59,28.0,28.0,True
entertainment,2023-07-27 11:02:27,112.0,0.0,False
clothing,2023-07-28 07:16:48,153.0,0.0,False
entertainment,2023-07-25 05:44:58,38.33,0.0,False
bills,2023-07-25 09:25:59,1507.0,0.0,False
entertainment,2023-07-27 17:37:10,15.0,2.0,True
children,2023-07-28 06:07:33,2.0,2.0,True
bills,2023-07-28 04:21:32,99.0,0.0,False
bills,2023-07-26 15:56:36,3669.0,0.0,False
transportation,2023-07-27 17:51:40,52.76,0.0,False
school,2023-07-27 20:47:08,27.0,27.0,True
entertainment,2023-07-27 17:01:02,46.48,0.0,False
school,2023-07-26 20:24:49,56.67,0.0,False
entertainment,2023-07-27 23:14:20,38.44,0.0,False
children,2023-07-26 23:11:35,26.0,0.0,False
pets,2023-07-27 17:48:58,11.85,0.0,False
pets,2023-07-28 00:00:20,31.0,0.0,False
work,2023-07-27 23:30:04,7.0,0.0,False
entertainment,2023-07-26 21:46:06,34.0,20.0,True
groceries,2023-07-25 18:40:43,118.92,0.0,False
meals,2023-07-27 20:18:20,38.9,0.0,False
pets,2023-07-27 09:22:36,92.26,0.0,False
entertainment,2023-07-28 00:02:40,93.0,0.0,False
children,2023-07-26 00:27:34,27.5,0.0,False
entertainment,2023-07-26 17:18:57,38.0,0.0,False
household essentials,2023-07-27 13:41:53,16.0,0.0,False
meals,2023-07-25 22:46:54,23.6,0.0,False
children,2023-07-27 12:16:18,27.0,0.0,False
pets,2023-07-27 16:35:04,191.4,0.0,False
entertainment,2023-07-18 21:57:41,83.08,0.0,False
pets,2023-07-24 22:21:07,48.62,0.0,False
entertainment,2023-07-27 13:17:38,57.35,0.0,False
household essentials,2023-07-21 18:23:12,15.48,0.0,False
bills,2023-07-27 11:24:36,499.4,0.0,False
children,2023-07-27 20:19:55,14.0,0.0,False
meals,2023-07-27 16:34:59,18.73,0.0,False
meals,2023-07-27 18:14:02,25.0,0.0,False
bills,2023-07-27 21:38:37,235.0,0.0,False
emergency,2023-07-27 15:20:38,44.99,45.0,True
meals,2023-07-27 17:57:39,21.67,0.0,False
household essentials,2023-07-27 16:29:03,28.3,0.0,False
children,2023-07-27 19:32:21,204.13,0.7,True
children,2023-01-31 17:25:59,60.78,0.0,False
household essentials,2023-07-27 18:41:20,25.59,0.0,False
entertainment,2023-07-27 14:17:37,52.71,0.0,False
groceries,2023-07-26 13:57:31,30.0,0.0,False
meals,2023-07-21 21:26:35,15.0,0.0,False
work,2023-07-27 12:59:47,140.0,0.0,False
groceries,2023-07-24 19:10:17,31.89,15.0,True
meals,2023-07-21 21:20:06,13.0,0.0,False
meals,2023-07-27 15:08:14,25.0,25.0,True
entertainment,2023-07-26 21:22:33,198.0,0.0,False
meals,2023-07-27 17:09:20,37.14,0.0,False
emergency,2023-07-27 19:53:03,15.0,0.0,False
groceries,2023-07-27 10:21:33,49.0,0.0,False
household essentials,2023-07-27 19:19:35,73.81,0.0,False
bills,2023-07-25 23:05:00,632.5,0.0,False
clothing,2023-07-17 21:52:14,90.0,0.0,False
groceries,2023-07-27 11:51:13,11.0,0.0,False
entertainment,2023-07-26 19:50:11,105.5,0.0,False
meals,2023-07-27 07:46:55,15.0,0.0,False
clothing,2023-07-27 00:28:00,16.0,0.0,False
meals,2023-07-27 16:58:45,40.0,0.0,False
groceries,2023-07-26 16:00:48,55.0,0.0,False
entertainment,2023-07-27 18:23:51,57.0,0.0,False
pets,2023-07-27 18:46:51,34.46,0.0,False
school,2023-07-18 23:47:19,71.73,0.0,False
entertainment,2023-07-26 18:28:28,220.0,0.0,False
meals,2023-07-27 12:12:06,39.27,0.0,False
pets,2023-07-26 11:59:05,24.0,0.0,False
meals,2023-07-27 13:27:44,58.41,0.0,False
entertainment,2023-07-26 19:04:48,15.03,15.03,True
meals,2023-07-27 15:59:20,11.0,0.0,False
meals,2023-07-27 15:39:14,18.94,0.0,False
meals,2023-07-27 17:56:31,49.5,0.0,False
emergency,2023-07-25 14:40:11,32.0,0.0,False
groceries,2023-07-27 17:04:40,16.79,0.0,False
children,2023-07-26 13:25:49,60.0,0.0,False
entertainment,2023-07-27 16:16:45,33.0,0.0,False
groceries,2023-07-27 13:56:25,54.84,0.0,False
groceries,2023-07-27 10:59:25,27.0,10.0,True
bills,2023-07-27 10:27:49,492.0,0.0,False
household essentials,2023-07-25 16:36:34,9.9,0.0,False
bills,2023-07-27 01:12:38,11.0,11.0,True
meals,2023-07-27 16:29:00,52.0,0.0,False
groceries,2023-07-27 09:28:30,26.0,0.0,False
entertainment,2023-07-27 14:07:32,25.0,25.0,True
entertainment,2023-07-25 00:05:15,31.59,0.0,False
groceries,2023-07-06 17:12:40,175.97,0.0,False
clothing,2023-07-26 17:50:57,150.0,0.0,False
entertainment,2023-07-27 12:11:12,86.0,0.0,False
household essentials,2023-07-27 15:17:01,33.0,0.0,False
children,2023-07-27 12:47:07,9.0,0.0,False
household essentials,2023-07-25 23:17:00,136.0,20.0,True
meals,2023-07-27 15:16:27,22.87,0.0,False
entertainment,2023-07-26 10:58:55,109.9,0.0,False
meals,2023-07-25 11:07:05,56.09,0.0,False
school,2023-07-26 03:58:13,36.0,0.0,False
pets,2023-07-26 13:24:02,172.95,0.0,False
meals,2023-07-27 03:51:43,23.0,0.0,False
household essentials,2023-07-26 09:57:41,27.0,0.0,False
children,2023-07-26 09:32:15,32.0,32.96,True
transportation,2023-07-25 19:56:36,14.85,0.0,False
school,2023-07-24 18:42:10,135.0,0.0,False
clothing,2023-07-26 19:36:50,275.0,0.0,False
school,2023-07-27 10:46:34,21.57,0.0,False
groceries,2023-07-27 00:34:31,6.0,0.0,False
entertainment,2023-07-26 02:07:34,38.22,0.0,False
work,2023-07-26 20:07:49,13.48,0.0,False
entertainment,2023-07-27 07:42:58,58.42,58.42,True
entertainment,2023-07-27 07:09:16,9.86,0.0,False
entertainment,2023-07-25 20:50:22,938.0,0.0,False
household essentials,2023-07-26 21:58:02,71.44,0.0,False
entertainment,2023-07-26 16:29:13,39.86,0.0,False
work,2023-07-27 05:06:12,16.0,0.0,False
work,2023-07-26 16:44:46,191.52,0.0,False
entertainment,2023-07-27 10:50:45,5.0,0.0,False
entertainment,2023-07-26 19:32:18,31.36,0.0,False
entertainment,2023-07-26 23:57:37,461.99,0.0,False
meals,2023-07-27 10:29:55,16.0,0.0,False
pets,2023-07-24 21:28:23,36.0,0.0,False
entertainment,2023-07-27 11:48:07,495.0,0.0,False
clothing,2023-07-26 04:34:33,328.0,0.0,False
school,2023-07-25 16:38:25,44.4,0.0,False
groceries,2023-07-26 10:35:10,25.72,0.0,False
school,2023-07-26 01:04:37,40.62,0.0,False
work,2023-07-26 17:46:45,26.0,26.0,True
entertainment,2023-07-25 10:25:55,42.02,0.0,False
work,2023-07-20 14:36:06,44.0,0.0,False
clothing,2023-07-27 09:14:32,11.0,11.0,True
work,2023-07-27 09:48:46,28.0,10.0,True
clothing,2023-07-25 06:44:32,76.0,0.0,False
school,2023-07-27 09:30:04,30.45,0.0,False
emergency,2023-07-26 18:24:30,30.0,7.0,True
children,2023-07-26 21:20:30,7.48,15.0,True
work,2023-07-26 20:15:58,53.78,0.0,False
household essentials,2023-07-27 04:37:05,69.86,0.0,False
household essentials,2023-07-25 19:31:18,23.0,0.0,False
household essentials,2023-07-25 16:48:20,31.08,0.0,False
transportation,2023-07-27 09:12:41,210.44,0.0,False
bills,2023-07-25 12:53:57,55.0,0.0,False
entertainment,2023-07-25 18:17:08,27.5,0.0,False
school,2023-07-12 12:10:39,19.2,0.0,False
meals,2023-07-13 13:31:43,60.94,61.0,True
school,2023-07-25 22:23:37,156.29,0.0,False
school,2023-07-27 07:44:32,220.15,0.0,False
work,2023-07-25 23:27:38,288.0,0.0,False
work,2023-07-21 23:21:16,103.0,0.0,False
work,2023-07-19 10:21:27,176.0,176.0,True
clothing,2023-07-20 07:39:11,108.11,0.0,False
clothing,2023-07-26 21:53:57,200.0,0.0,False
groceries,2023-07-26 10:07:45,65.0,0.0,False
clothing,2023-07-25 14:10:42,30.0,40.0,True
meals,2023-07-27 05:32:49,8.0,8.0,True
pets,2023-07-25 16:24:14,48.79,0.0,False
groceries,2023-07-25 16:54:59,46.49,0.0,False
entertainment,2023-07-27 06:06:11,86.0,0.0,False
groceries,2023-07-27 06:54:13,46.11,0.0,False
household essentials,2023-07-25 11:20:34,46.35,0.0,False
school,2023-07-26 21:15:16,11.0,11.0,True
work,2023-07-24 17:01:24,173.31,0.0,False
bills,2023-07-25 16:25:23,54.14,0.0,False
entertainment,2023-07-26 23:42:26,29.65,0.0,False
entertainment,2023-07-26 23:23:40,137.5,0.0,False
meals,2023-07-26 20:14:53,30.0,0.0,False
entertainment,2023-07-26 17:43:05,21.65,0.0,False
entertainment,2023-07-24 11:46:16,66.0,0.0,False
bills,2023-07-24 12:41:23,1379.62,0.0,False
entertainment,2023-07-25 21:07:01,6.99,0.0,False
emergency,2023-07-26 11:34:23,242.23,0.0,False
entertainment,2023-07-26 02:15:35,24.2,0.0,False
kids,2023-07-25 14:07:56,54.12,0.0,False
groceries,2023-07-26 21:31:58,19.85,0.0,False
meals,2023-07-26 22:00:30,11.3,0.0,False
entertainment,2023-07-21 18:19:58,121.74,0.0,False
groceries,2023-07-26 16:54:36,31.91,31.91,True
work,2023-07-26 20:33:43,17.5,0.0,False
school,2023-07-25 21:45:11,52.0,0.0,False
household essentials,2023-07-26 21:41:16,144.0,0.0,False
household essentials,2023-07-26 20:06:55,27.24,0.0,False
housing,2023-07-26 21:07:28,182.62,0.0,False
entertainment,2023-07-26 18:28:34,6.0,6.0,True
bills,2023-07-25 14:51:35,132.0,0.0,False
entertainment,2023-07-25 14:44:30,44.0,4.0,True
entertainment,2023-07-25 21:53:04,30.78,0.0,False
meals,2023-07-24 17:07:18,11.05,12.0,True
clothing,2023-07-26 10:45:53,99.0,0.0,False
entertainment,2023-07-25 17:18:26,39.0,0.0,False
emergency,2023-04-25 11:00:47,374.0,55.0,True
meals,2023-07-21 22:48:29,28.0,0.0,False
school,2023-07-26 18:49:02,11.0,0.0,False
meals,2023-07-25 22:13:38,25.0,0.0,False
meals,2023-07-26 17:44:25,39.0,0.0,False
entertainment,2023-07-25 20:08:58,29.24,0.0,False
transportation,2023-07-25 15:14:07,20.0,0.0,False
meals,2023-07-26 17:28:26,16.0,0.0,False
groceries,2023-07-26 14:38:25,23.52,0.0,False
groceries,2023-07-26 18:56:40,19.18,19.18,True
groceries,2023-07-26 18:21:03,14.75,0.0,False
school,2023-07-26 16:38:12,76.99,0.0,False
groceries,2023-07-25 13:42:26,8.87,8.87,True
entertainment,2023-07-26 11:14:19,10.62,0.0,False
work,2023-07-25 21:40:19,28.48,0.0,False
groceries,2023-07-26 18:22:47,14.01,0.0,False
entertainment,2023-07-26 18:02:26,18.0,0.0,False
work,2023-07-19 16:28:32,93.5,0.0,False
work,2023-07-24 17:14:30,238.0,10.0,True
entertainment,2023-07-19 06:00:50,27.37,0.0,False
entertainment,2023-07-26 12:05:37,22.0,0.0,False
entertainment,2023-07-26 16:57:52,42.35,0.0,False
groceries,2023-07-25 13:35:50,168.0,0.0,False
entertainment,2023-07-24 17:35:05,44.0,0.0,False
bills,2023-07-24 09:36:43,30.0,30.0,True
meals,2023-07-26 13:20:35,26.0,0.0,False
work,2023-07-26 15:24:33,22.0,22.0,True
entertainment,2023-07-20 16:58:12,262.0,0.0,False
bills,2023-07-26 13:17:53,99.35,0.0,False
entertainment,2023-07-26 01:08:48,11.0,0.0,False
children,2023-07-25 10:53:32,138.08,0.0,False
emergency,2023-07-26 16:47:17,17.11,0.0,False
emergency,2023-07-25 15:47:39,193.0,0.0,False
emergency,2023-07-25 18:17:27,15.5,0.0,False
entertainment,2023-07-26 03:16:01,44.0,0.0,False
work,2023-07-26 15:53:17,40.0,0.0,False
emergency,2023-07-26 16:25:38,278.51,0.0,False
entertainment,2023-07-26 15:48:28,37.0,0.0,False
groceries,2023-07-26 15:00:10,30.0,0.0,False
pets,2023-07-26 08:07:46,15.0,15.0,True
meals,2023-07-26 12:40:02,17.0,17.0,True
entertainment,2023-07-20 15:08:25,73.13,0.0,False
children,2023-07-26 16:07:22,60.0,0.0,False
school,2023-07-25 16:17:12,38.66,0.0,False
school,2023-07-25 19:03:38,72.0,0.0,False
housing,2023-07-26 08:39:21,208.71,0.0,False
school,2023-07-17 14:33:36,90.18,0.0,False
entertainment,2023-07-13 13:39:43,66.0,0.0,False
school,2023-07-17 11:09:37,51.0,0.0,False
entertainment,2023-07-26 08:28:11,20.0,0.0,False
transportation,2023-07-25 06:37:34,61.2,0.0,False
entertainment,2023-07-25 14:25:12,29.7,29.7,True
children,2023-07-24 11:41:57,127.35,0.0,False
transportation,2023-07-26 10:18:07,30.0,0.0,False
school,2023-07-20 16:07:35,59.28,0.0,False
work,2023-07-26 10:13:17,9.58,0.0,False
emergency,2023-07-24 19:13:42,595.48,0.0,False
school,2023-07-26 14:16:38,71.5,0.0,False
emergency,2023-07-26 09:34:37,28.0,0.0,False
emergency,2023-07-26 13:04:09,22.0,0.0,False
entertainment,2023-07-25 18:38:25,26.4,0.0,False
meals,2023-07-26 12:33:16,15.0,0.0,False
entertainment,2023-07-21 16:20:01,50.0,0.0,False
entertainment,2023-07-26 13:19:28,24.4,0.0,False
meals,2023-07-26 13:07:15,17.6,0.0,False
emergency,2023-07-25 14:49:43,27.67,0.0,False
bills,2023-07-25 11:49:15,130.4,0.0,False
meals,2023-07-26 11:13:13,33.42,0.0,False
emergency,2023-07-26 11:17:03,25.0,0.0,False
work,2023-07-25 22:05:04,113.51,0.0,False
bills,2023-07-25 15:04:58,388.72,0.0,False
entertainment,2023-07-26 12:18:13,30.0,0.0,False
entertainment,2023-07-26 12:04:41,46.44,0.0,False
pets,2023-07-17 19:54:04,576.44,178.93,True
work,2023-07-26 00:46:55,8.33,10.0,True
meals,2023-07-26 11:03:28,12.0,0.0,False
meals,2023-07-26 10:35:46,8.73,9.0,True
bills,2023-07-25 12:40:38,7.73,0.0,False
emergency,2023-07-25 22:11:25,250.0,0.0,False
household essentials,2023-07-25 16:59:13,47.0,0.0,False
entertainment,2023-07-24 22:26:42,23.0,0.0,False
school,2023-07-25 00:19:31,187.39,0.0,False
groceries,2023-07-25 15:24:23,21.0,0.0,False
emergency,2023-07-19 11:49:34,20.0,0.0,False
school,2023-07-18 14:55:47,164.0,0.0,False
work,2023-07-26 10:28:58,22.0,0.0,False
entertainment,2023-07-26 11:06:46,35.0,0.0,False
groceries,2023-07-18 23:18:07,24.0,0.0,False
bills,2023-07-25 14:53:40,184.5,0.0,False
entertainment,2023-07-24 10:22:14,6.0,6.0,True
entertainment,2023-07-20 16:51:41,22.0,32.0,True
school,2023-07-25 19:01:40,74.0,0.0,False
entertainment,2023-07-25 19:21:42,18.59,0.0,False
groceries,2023-07-26 10:33:57,70.0,0.0,False
school,2023-07-21 13:19:31,257.0,0.0,False
entertainment,2023-07-25 12:52:25,22.0,0.0,False
household essentials,2023-07-25 17:06:53,17.09,0.0,False
entertainment,2023-07-26 09:18:43,7.99,0.0,False
groceries,2023-07-25 19:10:45,80.8,0.0,False
bills,2023-07-26 04:03:34,11.0,0.0,False
clothing,2023-07-25 16:10:15,24.0,10.0,True
pets,2023-07-25 08:29:47,88.0,0.0,False
entertainment,2023-07-26 09:22:13,68.4,0.0,False
children,2023-07-25 15:37:35,74.69,0.0,False
children,2023-07-25 18:01:34,113.0,0.0,False
work,2023-07-26 08:41:44,70.43,0.0,False
household essentials,2023-07-20 07:37:54,107.0,0.0,False
groceries,2023-07-25 12:17:16,16.71,0.0,False
meals,2023-07-26 07:53:51,32.91,0.0,False
entertainment,2023-07-26 07:33:30,12.0,0.0,False
school,2023-07-26 01:36:17,44.85,0.0,False
household essentials,2023-07-25 22:20:07,107.85,0.0,False
entertainment,2019-09-08 17:27:40,110.0,0.0,False
emergency,2023-07-25 10:45:00,196.93,66.0,True
transportation,2023-07-24 10:09:57,24.37,0.0,False
household essentials,2023-07-25 19:09:42,22.0,17.0,True
household essentials,2023-07-25 05:48:28,58.0,0.0,False
work,2023-07-25 23:08:45,12.0,0.0,False
clothing,2023-07-26 01:58:33,57.94,0.0,False
children,2023-07-26 01:33:00,42.75,0.0,False
meals,2023-07-26 01:16:35,22.96,0.0,False
school,2023-07-20 22:18:35,24.0,0.0,False
bills,2023-07-24 21:03:34,71.5,0.0,False
meals,2023-07-25 11:52:59,4.19,9.19,True
entertainment,2023-07-25 23:04:37,10.99,0.0,False
groceries,2023-07-25 20:13:40,15.0,0.0,False
work,2023-07-25 01:23:04,98.84,0.0,False
transportation,2023-07-25 21:58:56,77.0,0.0,False
groceries,2023-07-25 23:25:24,43.0,0.0,False
meals,2023-07-25 23:09:37,23.89,0.0,False
household essentials,2023-07-24 20:03:06,13.1,0.0,False
pets,2023-07-25 22:17:50,42.0,0.0,False
bills,2023-07-25 14:37:11,249.59,0.0,False
meals,2023-07-25 22:34:59,30.17,0.0,False
groceries,2023-07-25 00:25:18,17.0,17.0,True
children,2023-07-25 09:06:22,57.0,0.0,False
work,2023-07-25 21:43:43,11.0,0.0,False
housing,2023-07-25 19:23:19,476.78,0.0,False
entertainment,2023-07-24 21:18:58,110.0,0.0,False
groceries,2023-07-25 13:32:30,30.0,0.0,False
bills,2023-07-24 20:44:05,297.0,0.0,False
groceries,2023-07-24 10:26:04,21.0,0.0,False
clothing,2023-07-17 22:23:28,66.75,0.0,False
transportation,2023-07-25 15:44:57,8.78,0.0,False
work,2023-07-25 03:57:42,24.0,0.0,False
groceries,2023-07-25 14:48:08,63.63,0.0,False
entertainment,2023-07-25 20:27:37,25.0,0.0,False
entertainment,2023-07-25 00:11:57,28.7,0.0,False
pets,2023-07-25 20:09:41,28.62,0.0,False
entertainment,2023-06-12 09:40:28,464.7,0.0,False
entertainment,2023-07-25 19:33:51,24.43,0.0,False
entertainment,2023-07-25 19:35:46,35.0,0.0,False
clothing,2023-07-21 14:59:55,52.47,0.0,False
groceries,2023-07-24 19:57:50,101.88,0.0,False
entertainment,2023-07-24 09:48:42,132.0,0.0,False
entertainment,2023-07-20 19:07:51,41.29,0.0,False
entertainment,2023-07-24 17:18:31,33.0,0.0,False
meals,2023-07-25 15:11:50,8.66,9.0,True
children,2023-07-24 19:54:26,52.76,0.0,False
groceries,2023-07-25 16:15:33,37.47,5.0,True
entertainment,2023-07-24 23:55:53,7.23,0.0,False
school,2023-07-25 19:48:01,118.77,0.0,False
meals,2023-07-25 18:34:00,45.34,0.0,False
entertainment,2023-07-25 18:43:13,11.6,0.0,False
work,2023-07-24 19:28:07,50.0,0.0,False
transportation,2023-07-25 11:22:03,12.0,0.0,False
entertainment,2023-07-25 15:32:01,11.65,0.0,False
entertainment,2023-07-24 21:14:02,34.0,0.0,False
entertainment,2023-07-25 18:29:14,275.0,0.0,False
entertainment,2023-07-24 19:49:10,53.29,0.0,False
school,2023-07-20 21:02:03,140.81,0.0,False
groceries,2023-07-24 19:37:10,65.0,0.0,False
work,2023-07-25 12:37:24,22.0,0.0,False
entertainment,2023-07-20 16:56:50,79.2,0.0,False
entertainment,2023-07-24 12:03:52,28.0,0.0,False
work,2023-07-10 20:14:05,12.0,0.0,False
work,2023-07-25 09:09:15,10.52,0.0,False
work,2023-07-25 11:51:43,12.86,0.0,False
groceries,2023-07-24 15:10:51,7.5,0.0,False
groceries,2023-07-25 16:28:45,62.0,0.0,False
work,2023-07-25 11:12:48,27.0,0.0,False
meals,2023-07-24 19:31:56,39.83,0.0,False
groceries,2023-07-25 14:22:26,22.0,0.0,False
bills,2023-07-19 02:01:11,391.62,0.0,False
groceries,2023-07-25 08:45:43,16.5,0.0,False
entertainment,2023-07-24 12:45:16,20.0,20.0,True
children,2023-07-24 10:06:32,88.0,0.0,False
emergency,2023-07-24 17:39:18,145.0,7.0,True
entertainment,2023-07-24 16:40:03,60.8,0.0,False
entertainment,2023-07-24 17:57:38,35.0,0.0,False
children,2023-07-24 15:31:57,20.19,0.0,False
bills,2023-07-25 16:14:53,11.64,0.0,False
household essentials,2023-07-25 16:07:34,37.7,0.0,False
meals,2023-07-24 19:23:36,50.12,0.0,False
children,2023-07-25 08:32:14,90.95,62.54,True
household essentials,2023-07-24 17:26:23,55.38,55.38,True
bills,2023-07-25 15:23:47,387.8,0.0,False
work,2023-07-25 14:09:01,8.91,9.0,True
meals,2023-07-25 04:23:20,10.42,0.0,False
children,2023-07-25 09:44:28,9.68,0.0,False
entertainment,2023-07-25 11:57:43,161.58,0.0,False
pets,2023-04-17 16:49:14,49.5,0.0,False
groceries,2023-07-25 10:13:23,125.0,0.0,False
entertainment,2023-07-25 11:48:22,35.7,0.0,False
groceries,2023-07-24 20:22:40,11.0,20.0,True
entertainment,2023-07-25 15:06:42,38.5,0.0,False
meals,2023-07-24 10:38:07,51.0,0.0,False
meals,2023-07-25 14:35:17,22.62,0.0,False
clothing,2023-07-24 12:22:53,155.33,0.0,False
groceries,2023-07-25 13:21:29,25.0,0.0,False
transportation,2023-07-25 13:15:18,40.0,0.0,False
clothing,2023-07-21 14:19:26,45.87,0.0,False
bills,2023-07-24 10:10:13,11.0,0.0,False
meals,2023-07-25 14:09:30,25.8,0.0,False
entertainment,2023-07-25 10:01:19,16.0,0.0,False
children,2023-06-14 17:20:37,36.96,0.0,False
groceries,2023-07-25 14:03:02,42.0,0.0,False
meals,2023-07-25 13:14:34,28.57,0.0,False
emergency,2023-07-24 13:34:29,63.0,0.0,False
meals,2023-07-25 10:44:18,21.42,0.0,False
entertainment,2023-07-25 13:43:23,11.0,0.0,False
meals,2023-07-25 13:37:16,40.09,0.0,False
entertainment,2023-07-24 11:06:34,40.0,25.0,True
entertainment,2023-07-21 00:21:15,21.0,21.0,True
pets,2023-07-24 11:03:03,15.0,16.0,True
school,2023-07-24 19:45:30,77.76,0.0,False
pets,2023-07-25 10:14:53,96.0,0.0,False
groceries,2023-07-24 18:09:35,8.5,0.0,False
transportation,2023-07-25 07:22:00,16.5,0.0,False
transportation,2023-07-24 22:38:38,27.5,0.0,False
entertainment,2023-07-25 12:59:39,19.8,0.0,False
emergency,2023-07-25 02:08:34,1100.0,0.0,False
meals,2023-07-25 12:55:12,24.92,0.0,False
groceries,2023-07-24 08:19:37,21.0,0.0,False
emergency,2023-07-25 11:26:49,11.0,0.0,False
pets,2023-07-24 16:01:23,84.7,0.0,False
entertainment,2023-07-24 15:43:46,8.5,0.0,False
entertainment,2023-07-24 19:27:07,45.0,0.0,False
work,2023-07-24 12:25:57,16.5,0.0,False
bills,2023-07-20 19:15:07,369.25,0.0,False
school,2023-07-24 15:58:10,72.0,0.0,False
clothing,2023-07-25 11:50:46,130.02,0.0,False
meals,2023-07-25 11:47:53,15.0,0.0,False
emergency,2023-07-24 16:32:54,169.9,169.9,True
entertainment,2022-11-14 19:52:05,220.0,0.0,False
entertainment,2023-07-25 09:03:39,11.0,0.0,False
meals,2023-07-24 20:51:33,14.3,0.0,False
meals,2023-07-25 10:52:39,33.5,0.0,False
work,2023-07-25 08:51:59,8.41,0.0,False
bills,2023-07-17 12:50:05,294.37,0.0,False
meals,2023-07-25 10:24:31,24.0,0.0,False
school,2023-07-25 09:55:58,297.0,0.0,False
groceries,2023-07-20 16:25:28,111.0,0.0,False
clothing,2023-07-25 09:05:34,22.0,0.0,False
entertainment,2023-07-24 23:03:04,5.99,0.0,False
groceries,2023-07-24 12:41:15,11.0,35.0,True
household essentials,2023-07-24 12:56:01,6.16,0.0,False
children,2023-07-24 16:50:45,30.35,0.0,False
entertainment,2023-07-24 19:03:24,23.63,0.0,False
meals,2023-06-28 08:22:03,10.3,0.0,False
entertainment,2023-07-25 07:36:37,16.61,0.0,False
transportation,2023-07-24 15:54:30,23.95,0.0,False
entertainment,2023-07-24 20:39:41,36.98,0.0,False
work,2023-07-24 18:28:37,59.0,0.0,False
children,2023-07-24 16:26:17,27.0,0.0,False
children,2023-07-24 20:42:59,26.0,0.0,False
emergency,2023-07-25 00:59:02,78.96,0.0,False
clothing,2023-07-24 23:13:13,85.55,0.0,False
entertainment,2023-07-24 17:57:53,25.0,0.0,False
children,2023-07-05 06:11:27,44.52,5.0,True
entertainment,2023-07-21 08:15:24,8.0,8.0,True
household essentials,2023-07-19 13:54:36,935.0,0.0,False
entertainment,2023-07-24 13:53:31,459.8,0.0,False
children,2023-07-24 13:59:26,37.0,0.0,False
groceries,2023-07-24 19:00:17,16.0,0.0,False
children,2023-07-24 19:51:24,26.74,0.0,False
transportation,2023-07-19 07:36:29,60.0,0.0,False
meals,2023-07-24 20:21:30,27.28,0.0,False
meals,2023-07-24 11:37:31,23.53,0.0,False
entertainment,2023-07-24 19:31:25,8.7,8.7,True
school,2023-07-24 18:12:54,34.6,0.0,False
entertainment,2023-07-24 15:38:03,356.4,0.0,False
bills,2023-07-24 16:35:21,100.0,0.0,False
school,2023-07-21 14:55:18,117.0,0.0,False
entertainment,2023-07-24 17:17:24,22.0,0.0,False
entertainment,2023-07-24 15:08:58,114.67,0.0,False
groceries,2023-07-24 10:02:54,30.0,30.0,True
entertainment,2023-07-24 17:50:52,25.0,0.0,False
groceries,2023-07-24 12:55:55,27.5,0.0,False
clothing,2023-07-24 16:01:10,85.0,0.0,False
entertainment,2023-07-24 11:38:36,9.4,0.0,False
entertainment,2023-07-24 09:59:56,21.75,0.0,False
groceries,2023-07-24 17:57:37,30.0,0.0,False
entertainment,2023-07-21 14:45:26,154.07,0.0,False
entertainment,2023-07-24 14:28:52,80.0,0.0,False
groceries,2023-07-24 19:33:14,18.92,19.0,True
meals,2023-07-24 19:10:44,35.0,0.0,False
meals,2023-07-24 17:32:50,14.0,0.0,False
groceries,2023-07-24 12:56:36,11.0,0.0,False
meals,2023-07-24 18:38:26,38.77,0.0,False
meals,2023-07-24 15:13:34,13.15,0.0,False
entertainment,2023-07-24 17:22:14,44.0,0.0,False
children,2023-07-24 16:21:09,36.0,0.0,False
entertainment,2023-07-24 10:11:37,39.6,0.0,False
work,2023-07-24 16:17:39,15.37,0.0,False
groceries,2023-07-24 18:18:56,5.36,0.0,False
entertainment,2023-07-14 21:02:46,18.1,0.0,False
entertainment,2023-07-24 05:34:05,30.0,0.0,False
work,2023-07-24 18:50:58,22.0,22.0,True
groceries,2023-07-24 10:49:45,22.0,0.0,False
work,2023-07-24 13:45:15,21.18,0.0,False
household essentials,2023-07-24 17:52:45,42.1,0.0,False
clothing,2023-07-24 09:37:39,40.0,0.0,False
bills,2023-07-24 18:10:12,98.0,0.0,False
entertainment,2023-07-21 17:35:00,18.0,0.0,False
entertainment,2023-07-24 17:02:22,2.0,2.0,True
children,2023-07-19 01:17:28,59.54,0.0,False
meals,2023-07-24 14:11:52,31.9,0.0,False
meals,2023-07-24 17:42:13,10.0,0.0,False
entertainment,2023-07-24 17:03:54,44.0,0.0,False
bills,2023-07-24 17:19:28,76.57,0.0,False
entertainment,2023-07-12 21:44:04,13.74,0.0,False
meals,2023-07-24 15:15:00,16.5,0.0,False
meals,2023-07-24 12:58:08,41.0,0.0,False
meals,2023-07-24 16:34:19,156.24,0.0,False
bills,2023-07-24 14:11:01,30.5,0.0,False
groceries,2023-07-24 15:07:22,17.0,0.0,False
meals,2023-07-24 08:38:03,8.25,0.0,False
children,2023-07-24 08:05:00,15.0,0.0,False
meals,2023-07-24 14:38:09,27.0,0.0,False
household essentials,2023-07-24 09:35:50,30.95,0.0,False
school,2023-07-20 21:19:15,141.08,0.0,False
entertainment,2023-07-24 15:37:17,13.93,0.0,False
entertainment,2023-07-24 12:58:04,38.0,0.0,False
pets,2023-07-24 12:00:31,25.0,0.0,False
meals,2023-07-24 13:27:27,7.54,2.0,True
work,2023-07-19 08:16:49,11.0,11.0,True
work,2023-07-20 17:08:43,173.31,0.0,False
bills,2023-07-24 10:39:45,161.76,0.0,False
bills,2023-07-20 12:08:04,275.0,0.0,False
school,2023-07-20 13:59:21,56.66,0.0,False
transportation,2023-07-24 09:39:35,22.0,0.0,False
work,2023-07-18 11:46:06,480.21,0.0,False
work,2023-07-24 12:39:35,706.12,0.0,False
emergency,2023-07-24 06:44:54,85.0,0.0,False
meals,2023-07-21 16:53:07,39.89,0.0,False
entertainment,2023-07-24 10:55:21,5.82,0.0,False
children,2023-07-24 09:22:17,15.0,0.0,False
kids,2023-07-20 16:17:46,9.8,9.8,True
transportation,2023-07-19 03:08:13,30.0,30.0,True
entertainment,2023-07-24 07:07:24,7.0,0.0,False
entertainment,2023-07-24 11:34:27,55.0,0.0,False
meals,2023-07-24 10:45:44,11.96,0.0,False
work,2023-07-24 11:26:34,15.32,0.0,False
entertainment,2023-07-24 08:01:32,3.0,3.0,True
entertainment,2023-07-24 08:36:32,12.22,0.0,False
work,2023-07-24 10:25:53,45.65,0.0,False
entertainment,2023-07-20 16:06:38,45.0,0.0,False
bills,2023-07-21 11:28:32,61.0,0.0,False
work,2023-07-19 18:11:31,49.5,0.0,False
bills,2023-07-14 08:42:26,188.0,0.0,False
pets,2023-07-20 23:14:57,55.0,50.0,True
household essentials,2023-07-24 07:14:36,23.67,0.0,False
entertainment,2023-07-20 23:41:55,12.1,0.0,False
children,2023-07-20 14:00:38,66.0,0.0,False
school,2023-07-21 12:24:02,79.0,0.0,False
household essentials,2023-03-08 08:00:03,200.77,20.0,True
groceries,2023-07-21 12:16:17,14.0,14.0,True
school,2023-07-21 17:27:03,175.98,0.0,False
entertainment,2023-07-19 04:38:34,54.16,0.0,False
bills,2023-07-21 15:24:09,740.0,0.0,False
emergency,2023-07-18 02:40:20,94.0,126.0,True
groceries,2023-07-21 18:58:21,14.47,0.0,False
groceries,2023-07-21 19:13:13,88.57,0.0,False
children,2023-07-21 19:59:33,7.09,0.0,False
emergency,2023-07-21 23:50:54,50.88,0.0,False
groceries,2023-07-21 09:45:28,59.94,0.0,False
children,2023-07-21 23:23:52,32.97,0.0,False
entertainment,2023-07-21 22:57:13,24.0,0.0,False
meals,2023-07-21 18:31:50,7.0,11.0,True
work,2023-07-21 18:50:48,24.0,0.0,False
entertainment,2023-07-21 10:38:44,3.21,0.0,False
work,2023-07-21 14:54:40,43.45,0.0,False
entertainment,2023-07-21 23:30:53,30.34,0.0,False
groceries,2023-07-21 16:58:53,70.0,0.0,False
entertainment,2023-07-20 15:16:49,29.34,0.0,False
pets,2023-07-19 09:58:37,102.85,0.0,False
bills,2023-07-21 20:50:40,140.46,0.0,False
emergency,2023-07-21 05:29:10,698.0,0.0,False
pets,2023-07-21 21:16:29,94.14,0.0,False
school,2023-07-18 09:34:28,45.0,12.0,True
entertainment,2023-07-21 21:42:05,46.45,0.0,False
emergency,2023-07-21 22:05:17,218.99,0.0,False
entertainment,2023-07-20 21:57:52,13.0,0.0,False
entertainment,2023-07-21 02:12:29,45.0,0.0,False
meals,2023-07-20 12:43:10,14.0,7.0,True
meals,2023-07-21 19:21:52,33.0,0.0,False
groceries,2023-07-21 16:48:27,32.0,0.0,False
entertainment,2023-07-21 03:40:11,27.0,0.0,False
meals,2023-07-20 16:12:08,51.0,0.0,False
bills,2023-07-21 18:53:31,213.13,0.0,False
entertainment,2023-07-21 17:27:12,38.0,0.0,False
bills,2023-07-21 11:03:33,104.73,0.0,False
work,2023-07-21 17:53:45,33.0,0.0,False
clothing,2023-07-21 18:42:41,31.17,0.0,False
bills,2023-07-21 18:29:47,65.37,0.0,False
entertainment,2023-07-20 15:01:23,26.0,26.0,True
entertainment,2023-07-21 18:15:06,20.16,0.0,False
emergency,2023-07-20 08:06:02,44.07,0.0,False
entertainment,2023-07-21 13:15:35,20.21,0.0,False
groceries,2023-07-21 15:40:03,55.0,0.0,False
kids,2023-07-18 20:45:02,94.09,0.0,False
entertainment,2023-07-21 18:29:43,23.07,24.0,True
meals,2023-07-21 17:27:49,41.16,0.0,False
emergency,2023-07-21 16:31:53,16.5,0.0,False
entertainment,2023-07-21 11:18:32,49.8,0.0,False
entertainment,2023-07-21 13:24:35,55.0,0.0,False
entertainment,2023-07-21 05:38:46,54.18,0.0,False
transportation,2023-07-14 10:47:58,34.0,0.0,False
household essentials,2023-07-20 17:00:21,22.0,0.0,False
bills,2023-07-21 16:48:37,55.0,0.0,False
work,2023-07-21 01:38:06,22.0,0.0,False
groceries,2023-07-18 17:21:23,114.53,25.0,True
household essentials,2023-07-20 13:31:10,40.0,0.0,False
bills,2023-07-21 16:04:36,63.5,0.0,False
household essentials,2023-07-20 07:23:01,75.0,0.0,False
pets,2023-07-19 21:13:46,89.0,0.0,False
work,2023-07-21 12:44:56,10.0,0.0,False
meals,2023-07-21 15:17:29,24.92,0.0,False
meals,2023-07-21 14:48:30,35.0,0.0,False
groceries,2023-07-20 14:46:51,37.0,0.0,False
bills,2023-07-20 18:09:48,465.98,0.0,False
entertainment,2023-07-19 21:44:40,12.0,0.0,False
groceries,2023-07-18 23:55:43,22.0,0.0,False
pets,2023-07-20 19:36:41,59.0,0.0,False
household essentials,2023-07-20 14:50:40,144.0,0.0,False
meals,2023-07-21 16:30:54,16.43,0.0,False
entertainment,2023-07-20 21:44:05,7.0,0.0,False
groceries,2023-07-21 04:23:58,137.07,0.0,False
work,2023-07-17 11:18:42,58.0,0.0,False
entertainment,2023-07-19 17:30:33,75.9,0.0,False
school,2023-07-20 23:23:42,43.0,0.0,False
work,2023-07-20 18:10:34,22.0,0.0,False
pets,2023-07-20 20:43:57,9.0,9.0,True
groceries,2023-07-20 15:09:44,92.4,0.0,False
children,2023-07-20 22:03:31,19.23,20.0,True
entertainment,2023-07-20 12:36:08,10.0,0.0,False
transportation,2023-07-20 14:56:18,11.0,0.0,False
groceries,2023-07-21 14:03:59,11.32,0.0,False
entertainment,2023-07-17 12:55:30,19.19,0.0,False
bills,2023-07-17 09:04:50,65.29,0.0,False
children,2023-07-20 22:22:17,22.0,0.0,False
clothing,2023-07-17 22:20:08,69.95,0.0,False
entertainment,2023-07-21 13:13:03,330.0,0.0,False
meals,2023-07-21 15:04:04,68.66,0.0,False
meals,2023-07-21 13:34:52,12.88,0.0,False
transportation,2023-07-19 16:09:48,27.5,0.0,False
