time,category_GPT,amount_asked,amount_funded,funding_status
2023-07-31 17:34:30,children,156.0,0.0,False
2023-07-31 15:30:30,work,82.72,0.0,False
2023-07-31 07:00:36,school,1934.06,0.0,False
2023-07-28 12:12:53,school,317.0,79.66,True
2023-07-31 17:37:05,school,79.73,0.0,False
2023-07-31 17:16:03,meals,49.82,0.0,False
2023-07-31 12:38:47,emergency,440.0,0.0,False
2023-07-28 19:54:55,entertainment,38.5,0.0,False
2023-07-31 13:14:44,entertainment,66.0,0.0,False
2023-07-27 20:48:01,work,25.0,0.0,False
2023-07-31 14:36:42,entertainment,66.0,0.0,False
2023-07-31 16:39:49,meals,26.2,0.0,False
2023-07-31 10:40:36,emergency,12038.0,0.0,False
2023-07-31 17:18:15,clothing,73.55,0.0,False
2023-07-31 17:32:17,emergency,154.0,0.0,False
2023-07-31 15:08:27,school,757.0,0.0,False
2023-07-31 16:30:36,groceries,110.12,0.0,False
2023-07-31 06:20:16,groceries,6.0,0.0,False
2023-07-31 16:50:25,entertainment,269.0,0.0,False
2023-07-31 17:28:27,bills,235.25,0.0,False
2023-07-31 16:45:36,bills,330.0,0.0,False
2023-07-31 10:21:41,children,95.0,0.0,False
2023-07-28 10:16:53,entertainment,70.0,0.0,False
2023-07-31 16:31:44,groceries,7.61,8.0,True
2023-07-31 16:50:31,entertainment,126.5,0.0,False
2023-07-31 16:55:26,groceries,12.0,0.0,False
2023-07-31 15:08:57,household essentials,43.45,0.0,False
2023-07-31 17:29:20,meals,23.86,0.0,False
2023-07-25 14:22:50,entertainment,47.1,0.0,False
2023-07-31 17:26:01,groceries,96.0,0.0,False
2023-07-31 10:14:23,bills,55.0,0.0,False
2023-07-31 16:33:38,entertainment,19.18,0.0,False
2023-07-31 16:18:16,groceries,25.0,0.0,False
2023-07-31 17:09:17,meals,37.9,0.0,False
2023-07-31 10:18:51,groceries,34.89,0.0,False
2023-07-18 11:13:08,entertainment,22.18,5.0,True
2023-07-31 16:17:27,groceries,15.96,0.0,False
2023-07-28 15:02:22,groceries,112.0,0.0,False
2023-07-26 14:16:40,school,932.79,0.0,False
2023-07-27 19:28:52,transportation,33.0,0.0,False
2023-07-31 16:48:36,school,41.89,0.0,False
2023-07-31 16:50:43,pets,15.4,0.0,False
2023-07-31 16:39:39,clothing,11.5,0.0,False
2023-07-31 16:41:49,meals,33.39,0.0,False
2023-07-31 16:52:12,pets,25.0,0.0,False
2023-07-31 16:57:56,work,66.0,0.0,False
2023-07-31 16:57:20,bills,109.1,0.0,False
2023-07-28 14:43:58,children,6.0,6.0,True
2023-07-21 20:57:36,entertainment,33.02,0.0,False
2023-07-31 14:46:06,school,77.74,10.0,True
2023-07-31 12:44:58,meals,15.0,0.0,False
2023-07-27 23:53:53,household essentials,201.0,0.0,False
2023-07-31 14:47:28,groceries,6.0,0.0,False
2023-07-31 12:38:10,meals,29.59,0.0,False
2023-07-18 10:09:01,entertainment,13.98,0.0,False
2023-07-31 15:43:48,work,54.5,5.0,True
2023-07-31 15:37:03,groceries,28.0,0.0,False
2023-07-31 15:52:03,groceries,33.02,0.0,False
2023-07-31 13:03:09,bills,226.32,0.0,False
2023-07-27 16:40:29,school,112.96,0.0,False
2023-07-31 13:22:34,bills,60.75,0.0,False
2023-07-31 08:45:43,groceries,111.24,0.0,False
2023-07-20 18:39:18,transportation,177.4,177.4,True
2023-07-31 11:12:03,meals,60.0,0.0,False
2023-07-31 13:20:11,entertainment,161.1,0.0,False
2023-07-31 09:54:16,entertainment,21.76,0.0,False
2023-07-31 12:32:37,bills,314.16,0.0,False
2023-07-31 11:45:40,clothing,147.0,0.0,False
2023-07-27 14:37:08,clothing,25.0,0.0,False
2023-07-31 15:19:50,transportation,63.8,0.0,False
2023-07-27 19:20:58,emergency,183.7,90.0,True
2023-07-28 16:56:13,school,21.98,0.0,False
2023-07-24 14:12:37,groceries,48.0,0.0,False
2023-07-27 21:39:42,entertainment,30.52,0.0,False
2023-07-21 15:31:41,transportation,100.0,0.0,False
2023-07-31 15:05:25,transportation,16.5,0.0,False
2023-07-27 21:36:34,pets,20.0,0.0,False
2023-07-21 13:43:51,bills,669.9,0.0,False
2023-07-31 12:42:08,entertainment,23.0,0.0,False
2023-07-26 21:12:42,children,238.13,0.0,False
2023-07-31 12:26:04,entertainment,9.0,9.0,True
2023-07-31 14:03:59,emergency,271.91,0.0,False
2023-07-28 12:06:38,household essentials,130.97,0.0,False
2023-07-31 12:05:51,pets,23.3,0.0,False
2023-07-31 10:46:33,school,149.6,0.0,False
2023-07-31 10:00:49,groceries,75.0,0.0,False
2023-07-31 13:34:40,entertainment,26.0,0.0,False
2023-07-31 11:32:41,work,30.0,0.0,False
2023-07-31 14:11:40,entertainment,148.0,0.0,False
2023-07-27 08:34:27,transportation,24.2,24.2,True
2023-07-20 23:04:36,entertainment,155.0,0.0,False
2023-07-31 13:15:03,school,27.0,0.0,False
2023-07-31 10:22:24,household essentials,70.0,0.0,False
2023-07-28 08:26:41,bills,400.0,0.0,False
2023-07-31 11:18:12,meals,19.87,0.0,False
2023-07-31 11:36:36,work,142.0,0.0,False
2023-07-31 11:01:15,entertainment,82.5,0.0,False
2023-07-27 13:29:29,bills,172.73,0.0,False
2023-07-19 12:43:52,entertainment,55.0,0.0,False
2023-07-28 22:41:34,work,50.54,0.0,False
2023-07-31 10:43:47,entertainment,140.8,0.0,False
2023-07-31 12:06:25,entertainment,8.0,8.0,True
2023-07-31 09:34:48,clothing,73.5,0.0,False
2023-07-18 07:40:29,bills,1922.8,0.0,False
2023-07-27 18:07:01,school,205.75,0.0,False
2023-07-27 23:37:38,bills,216.27,0.0,False
2023-07-28 17:52:42,entertainment,52.5,0.0,False
2023-07-27 08:01:30,entertainment,8.0,9.0,True
2023-07-31 09:59:32,bills,125.5,0.0,False
2023-07-31 12:19:14,bills,151.78,0.0,False
2023-07-28 03:13:36,entertainment,13.0,15.0,True
2023-07-28 20:58:01,bills,42.0,0.0,False
2023-07-30 19:00:00,groceries,23.7,0.0,False
2023-07-30 19:00:00,entertainment,30.0,0.0,False
2023-07-30 16:00:00,pets,40.25,0.0,False
2023-07-15 01:09:00,clothing,166.21,0.0,False
2023-07-30 18:00:00,pets,14.0,0.0,False
2023-07-30 17:00:00,entertainment,13.0,0.0,False
2023-07-25 18:03:00,entertainment,52.14,0.0,False
2023-07-28 21:16:00,school,68.22,0.0,False
2023-07-28 23:01:00,entertainment,4864.0,0.0,False
2023-07-30 17:00:00,work,95.7,0.0,False
2023-07-30 19:00:00,bills,256.51,0.0,False
2023-07-30 18:00:00,work,29.49,0.0,False
2023-07-26 10:53:00,pets,14.08,14.08,True
2023-07-30 18:00:00,work,115.0,0.0,False
2023-07-30 18:00:00,entertainment,7.0,10.0,True
2023-07-27 16:33:00,household essentials,138.75,0.0,False
2023-07-26 16:37:00,pets,43.8,0.0,False
2023-07-28 23:18:00,bills,113.87,0.0,False
2023-07-28 22:53:00,groceries,60.0,0.0,False
2023-07-30 17:00:00,groceries,18.87,0.0,False
2023-07-28 13:59:27,transportation,22.0,40.0,True
2023-07-31 10:49:15,school,27.5,0.0,False
2023-07-31 07:49:18,entertainment,14.89,0.0,False
2023-07-28 23:14:17,children,218.0,0.0,False
2023-07-12 10:29:58,household essentials,43.0,0.0,False
2023-07-06 20:14:07,pets,41.17,0.0,False
2023-07-24 11:58:19,bills,37.0,0.0,False
2023-07-21 21:00:14,bills,248.22,0.0,False
2023-07-31 10:30:33,work,13.52,0.0,False
2023-07-31 08:53:15,school,20.0,0.0,False
2023-07-31 07:59:17,entertainment,33.0,0.0,False
2023-07-31 07:53:14,work,30.3,0.0,False
2023-07-31 08:05:22,entertainment,4.0,4.0,True
2023-07-28 11:05:04,household essentials,48.58,0.0,False
2023-07-31 09:15:37,children,18.7,0.0,False
2023-07-28 12:10:26,emergency,36.83,0.0,False
2023-07-31 09:03:45,transportation,22.0,0.0,False
2023-07-28 22:38:57,school,114.94,0.0,False
2023-07-31 08:26:52,meals,25.86,0.0,False
2023-07-27 04:29:16,clothing,15.89,0.0,False
2023-07-28 05:48:17,transportation,61.73,0.0,False
2023-07-28 19:56:09,school,18.67,0.0,False
2023-07-28 20:42:58,groceries,56.29,0.0,False
2023-07-26 17:10:39,school,163.0,0.0,False
2023-07-31 08:47:52,emergency,11.0,0.0,False
2023-07-24 16:44:02,entertainment,34.76,34.76,True
2023-07-28 15:21:17,entertainment,58.5,0.0,False
2023-07-28 16:36:50,entertainment,7.0,0.0,False
2023-07-28 19:40:31,work,22.0,22.0,True
2023-07-28 21:59:52,meals,9.24,0.0,False
2023-07-28 16:33:48,work,32.0,15.0,True
2023-07-28 11:49:49,work,218.0,0.0,False
2023-07-28 22:10:27,emergency,659.25,0.0,False
2023-07-28 19:34:39,housing,5500.0,0.0,False
2023-07-28 21:33:21,school,14.05,14.05,True
2023-07-28 20:20:31,pets,15.03,0.0,False
2023-07-28 21:36:56,groceries,20.02,0.0,False
2023-07-26 11:58:26,clothing,56.0,35.0,True
2023-07-28 21:16:07,work,52.4,0.0,False
2023-07-27 20:21:52,emergency,26.54,26.54,True
2023-07-28 21:50:03,groceries,166.0,0.0,False
2023-07-28 11:33:29,emergency,8.0,8.0,True
2023-07-28 20:54:57,work,32.0,0.0,False
2023-07-28 09:43:43,bills,90.0,0.0,False
2023-07-25 21:43:29,bills,228.59,0.0,False
2023-07-26 11:07:27,meals,21.0,0.0,False
2023-07-28 06:10:30,groceries,30.0,0.0,False
2023-07-28 10:46:26,meals,80.0,0.0,False
2023-07-28 22:10:36,groceries,361.0,0.0,False
2023-07-27 20:59:18,work,382.0,0.0,False
2023-07-27 17:29:14,meals,35.59,0.0,False
2023-07-28 14:32:01,transportation,11.0,0.0,False
2023-07-28 16:57:32,transportation,40.0,5.0,True
2023-07-28 22:42:53,clothing,188.54,0.0,False
2023-07-28 10:11:29,transportation,22.0,5.0,True
2023-07-28 18:49:29,groceries,27.0,0.0,False
2023-07-27 00:46:36,clothing,267.3,0.0,False
2023-07-28 20:06:55,school,41.46,15.0,True
2023-07-28 13:57:25,emergency,605.0,0.0,False
2023-07-12 01:02:13,school,235.0,0.0,False
2023-07-28 00:28:18,children,58.0,0.0,False
2023-07-28 15:21:57,children,108.63,0.0,False
2023-07-28 20:57:25,entertainment,7.07,7.07,True
2023-07-28 13:14:16,emergency,270.0,0.0,False
2023-07-27 16:57:06,school,83.0,0.0,False
2023-07-28 05:00:35,school,233.81,0.0,False
2023-07-28 10:14:20,pets,19.0,20.0,True
2023-07-28 16:25:58,pets,59.69,0.0,False
2023-07-24 11:42:16,clothing,216.7,0.0,False
2023-07-24 22:02:13,housing,600.0,0.0,False
2023-07-28 11:33:19,household essentials,220.0,0.0,False
2023-07-26 12:53:03,school,66.0,0.0,False
2023-07-28 13:32:44,entertainment,17.0,17.0,True
2023-07-28 00:33:13,entertainment,78.0,0.0,False
2023-07-28 20:04:11,entertainment,46.4,0.0,False
2023-07-28 20:14:11,meals,30.0,0.0,False
2023-07-28 20:24:54,children,35.12,0.0,False
2023-07-28 19:26:22,meals,21.9,0.0,False
2023-07-28 19:25:40,entertainment,6.34,0.0,False
2023-07-28 00:47:03,entertainment,27.0,0.0,False
2023-07-25 20:22:49,clothing,97.99,10.0,True
2023-07-28 13:33:15,children,230.77,0.0,False
2023-07-28 19:26:44,entertainment,31.0,0.0,False
2023-07-28 15:46:51,household essentials,472.93,0.0,False
2023-07-27 16:01:04,transportation,11.0,11.0,True
2023-07-28 10:16:05,entertainment,110.0,0.0,False
2023-07-28 17:53:23,school,196.49,0.0,False
2023-07-28 19:48:45,children,26.16,0.0,False
2023-07-28 16:52:01,entertainment,22.0,0.0,False
2023-07-28 18:16:56,bills,456.0,0.0,False
2023-07-28 19:38:55,work,10.58,0.0,False
2023-07-27 22:56:41,groceries,88.82,0.0,False
2023-07-26 13:37:26,bills,23.87,0.0,False
2023-07-27 15:34:39,groceries,92.88,0.0,False
2023-07-27 14:01:26,entertainment,387.0,0.0,False
2023-07-26 10:41:30,entertainment,130.0,0.0,False
2023-07-25 23:19:22,entertainment,116.3,0.0,False
2023-07-28 10:33:02,transportation,1396.0,0.0,False
2023-07-25 21:15:26,meals,21.0,0.0,False
2023-07-28 12:45:32,entertainment,8.72,18.72,True
2023-07-27 12:20:55,children,55.34,0.0,False
2023-07-27 21:12:04,entertainment,69.0,20.0,True
2023-07-28 17:19:32,groceries,44.04,0.0,False
2023-07-28 16:49:27,school,37.26,0.0,False
2023-07-28 14:20:29,bills,30.53,0.0,False
2023-07-28 14:45:40,meals,28.0,0.0,False
2023-07-28 18:23:16,meals,28.86,0.0,False
2023-07-28 11:26:10,groceries,30.0,0.0,False
2023-07-24 20:46:06,emergency,215.6,0.0,False
2023-07-07 09:03:33,entertainment,93.28,0.0,False
2023-07-28 04:00:57,pets,42.0,0.0,False
2023-07-28 17:14:13,emergency,17.6,0.0,False
2023-07-28 17:26:48,groceries,48.88,0.0,False
2023-07-27 22:33:35,school,64.48,0.0,False
2023-07-21 13:51:18,entertainment,15.0,0.0,False
2023-07-28 15:35:34,pets,198.0,0.0,False
2023-07-27 16:21:35,bills,20.0,0.0,False
2023-07-28 11:37:36,entertainment,6.0,6.0,True
2023-07-28 14:10:02,meals,73.0,0.0,False
2023-07-28 13:22:59,entertainment,55.0,0.0,False
2023-07-27 18:20:08,entertainment,12.0,0.0,False
2022-03-01 14:12:13,clothing,50.0,0.0,False
2023-07-28 11:52:20,work,31.57,0.0,False
2023-07-25 16:04:08,pets,19.0,0.0,False
2023-07-28 14:48:22,meals,33.31,0.0,False
2023-07-28 16:25:24,school,366.63,0.0,False
2023-07-28 16:22:47,entertainment,29.79,0.0,False
2023-07-28 14:36:54,work,20.0,0.0,False
2023-07-25 19:43:26,emergency,138.67,0.0,False
2023-07-27 23:16:01,household essentials,114.88,0.0,False
2023-07-27 15:28:58,transportation,22.0,0.0,False
2023-07-27 00:36:33,bills,135.13,0.0,False
2023-07-25 15:15:18,children,22.0,0.0,False
2023-07-24 21:19:51,household essentials,32.0,0.0,False
2023-07-27 15:54:00,emergency,22.0,10.0,True
2023-07-27 20:51:14,entertainment,48.14,0.0,False
2023-07-25 23:56:16,entertainment,31.08,0.0,False
2023-07-28 15:13:09,work,39.0,0.0,False
2023-07-28 12:42:42,pets,93.5,0.0,False
2023-07-28 01:00:05,emergency,950.0,0.0,False
2023-07-28 15:21:35,housing,82.0,0.0,False
2023-07-28 14:46:46,work,19.38,0.0,False
2023-07-27 16:53:02,groceries,92.48,0.0,False
2023-07-27 13:37:40,groceries,36.0,0.0,False
2023-07-27 23:20:50,entertainment,48.68,0.0,False
2023-07-28 09:01:39,children,31.0,0.0,False
2023-07-27 05:52:38,pets,50.0,0.0,False
2023-07-11 15:23:08,pets,550.0,0.0,False
2023-07-27 17:42:59,entertainment,17.49,0.0,False
2023-07-28 11:13:32,emergency,35.0,35.0,True
2023-07-27 23:53:24,pets,50.13,51.0,True
2023-07-20 07:30:09,clothing,197.43,0.0,False
2023-07-27 14:09:09,school,39.19,0.0,False
2023-07-24 22:42:03,clothing,233.0,0.0,False
2023-07-28 04:04:39,bills,541.0,0.0,False
2023-07-27 12:03:07,transportation,11.0,0.0,False
2023-07-28 13:20:34,housing,40.5,0.0,False
2023-07-28 13:21:51,bills,55.0,0.0,False
2023-07-28 09:17:12,work,60.0,0.0,False
2023-07-28 04:24:42,pets,45.0,0.0,False
2023-07-24 13:13:39,entertainment,102.52,0.0,False
2023-07-27 21:16:53,transportation,77.0,0.0,False
2023-07-28 10:39:54,meals,31.0,0.0,False
2023-07-27 07:48:58,groceries,30.0,0.0,False
2023-07-28 12:31:28,meals,25.0,0.0,False
2023-07-28 12:15:05,meals,17.0,0.0,False
2023-07-28 09:45:25,transportation,36.0,0.0,False
2023-07-28 09:55:33,meals,31.0,0.0,False
2023-07-27 07:19:46,school,52.87,25.0,True
2023-07-26 12:51:25,children,63.0,0.0,False
2023-07-27 21:13:19,groceries,23.79,0.0,False
2023-07-21 06:31:14,bills,24.2,0.0,False
2023-07-28 10:13:06,transportation,30.0,0.0,False
2023-07-28 02:50:25,children,35.0,0.0,False
2023-07-20 11:04:11,entertainment,371.95,0.0,False
2023-07-25 09:42:12,bills,162.6,0.0,False
2023-07-26 11:31:06,entertainment,15.0,15.0,True
2023-06-26 14:04:49,children,35.33,0.0,False
2023-07-27 09:45:16,entertainment,38.6,5.0,True
2023-07-27 14:44:09,work,29.0,0.0,False
2023-07-25 11:05:13,school,90.0,0.0,False
2023-07-25 02:24:40,work,99.0,0.0,False
2023-07-26 11:23:24,work,5.5,0.0,False
2023-07-24 10:36:51,bills,257.57,0.0,False
2023-07-27 03:59:06,entertainment,26.04,0.0,False
2023-07-24 13:14:57,household essentials,580.81,0.0,False
2023-07-27 21:39:35,groceries,20.0,0.0,False
2023-07-28 09:04:54,meals,26.0,0.0,False
2023-07-27 12:16:21,entertainment,22.0,0.0,False
2023-07-25 17:55:30,transportation,27.5,0.0,False
2023-07-27 00:17:59,entertainment,335.0,0.0,False
2023-07-26 07:42:01,emergency,2160.0,0.0,False
2023-07-27 10:14:22,entertainment,4.5,35.0,True
2023-07-27 08:52:04,transportation,22.0,0.0,False
2023-07-24 07:33:14,groceries,199.39,0.0,False
2023-07-26 09:08:36,entertainment,4.0,5.0,True
2023-07-27 20:50:59,work,28.0,28.0,True
2023-07-27 11:02:27,entertainment,112.0,0.0,False
2023-07-28 07:16:48,clothing,153.0,0.0,False
2023-07-25 05:44:58,entertainment,38.33,0.0,False
2023-07-25 09:25:59,bills,1507.0,0.0,False
2023-07-27 17:37:10,entertainment,15.0,2.0,True
2023-07-28 06:07:33,children,2.0,2.0,True
2023-07-28 04:21:32,bills,99.0,0.0,False
2023-07-26 15:56:36,bills,3669.0,0.0,False
2023-07-27 17:51:40,transportation,52.76,0.0,False
2023-07-27 20:47:08,school,27.0,27.0,True
2023-07-27 17:01:02,entertainment,46.48,0.0,False
2023-07-26 20:24:49,school,56.67,0.0,False
2023-07-27 23:14:20,entertainment,38.44,0.0,False
2023-07-26 23:11:35,children,26.0,0.0,False
2023-07-27 17:48:58,pets,11.85,0.0,False
2023-07-28 00:00:20,pets,31.0,0.0,False
2023-07-27 23:30:04,work,7.0,0.0,False
2023-07-26 21:46:06,entertainment,34.0,20.0,True
2023-07-25 18:40:43,groceries,118.92,0.0,False
2023-07-27 20:18:20,meals,38.9,0.0,False
2023-07-27 09:22:36,pets,92.26,0.0,False
2023-07-28 00:02:40,entertainment,93.0,0.0,False
2023-07-26 00:27:34,children,27.5,0.0,False
2023-07-26 17:18:57,entertainment,38.0,0.0,False
2023-07-27 13:41:53,household essentials,16.0,0.0,False
2023-07-25 22:46:54,meals,23.6,0.0,False
2023-07-27 12:16:18,children,27.0,0.0,False
2023-07-27 16:35:04,pets,191.4,0.0,False
2023-07-18 21:57:41,entertainment,83.08,0.0,False
2023-07-24 22:21:07,pets,48.62,0.0,False
2023-07-27 13:17:38,entertainment,57.35,0.0,False
2023-07-21 18:23:12,household essentials,15.48,0.0,False
2023-07-27 11:24:36,bills,499.4,0.0,False
2023-07-27 20:19:55,children,14.0,0.0,False
2023-07-27 16:34:59,meals,18.73,0.0,False
2023-07-27 18:14:02,meals,25.0,0.0,False
2023-07-27 21:38:37,bills,235.0,0.0,False
2023-07-27 15:20:38,emergency,44.99,45.0,True
2023-07-27 17:57:39,meals,21.67,0.0,False
2023-07-27 16:29:03,household essentials,28.3,0.0,False
2023-07-27 19:32:21,children,204.13,0.7,True
2023-01-31 17:25:59,children,60.78,0.0,False
2023-07-27 18:41:20,household essentials,25.59,0.0,False
2023-07-27 14:17:37,entertainment,52.71,0.0,False
2023-07-26 13:57:31,groceries,30.0,0.0,False
2023-07-21 21:26:35,meals,15.0,0.0,False
2023-07-27 12:59:47,work,140.0,0.0,False
2023-07-24 19:10:17,groceries,31.89,15.0,True
2023-07-21 21:20:06,meals,13.0,0.0,False
2023-07-27 15:08:14,meals,25.0,25.0,True
2023-07-26 21:22:33,entertainment,198.0,0.0,False
2023-07-27 17:09:20,meals,37.14,0.0,False
2023-07-27 19:53:03,emergency,15.0,0.0,False
2023-07-27 10:21:33,groceries,49.0,0.0,False
2023-07-27 19:19:35,household essentials,73.81,0.0,False
2023-07-25 23:05:00,bills,632.5,0.0,False
2023-07-17 21:52:14,clothing,90.0,0.0,False
2023-07-27 11:51:13,groceries,11.0,0.0,False
2023-07-26 19:50:11,entertainment,105.5,0.0,False
2023-07-27 07:46:55,meals,15.0,0.0,False
2023-07-27 00:28:00,clothing,16.0,0.0,False
2023-07-27 16:58:45,meals,40.0,0.0,False
2023-07-26 16:00:48,groceries,55.0,0.0,False
2023-07-27 18:23:51,entertainment,57.0,0.0,False
2023-07-27 18:46:51,pets,34.46,0.0,False
2023-07-18 23:47:19,school,71.73,0.0,False
2023-07-26 18:28:28,entertainment,220.0,0.0,False
2023-07-27 12:12:06,meals,39.27,0.0,False
2023-07-26 11:59:05,pets,24.0,0.0,False
2023-07-27 13:27:44,meals,58.41,0.0,False
2023-07-26 19:04:48,entertainment,15.03,15.03,True
2023-07-27 15:59:20,meals,11.0,0.0,False
2023-07-27 15:39:14,meals,18.94,0.0,False
2023-07-27 17:56:31,meals,49.5,0.0,False
2023-07-25 14:40:11,emergency,32.0,0.0,False
2023-07-27 17:04:40,groceries,16.79,0.0,False
2023-07-26 13:25:49,children,60.0,0.0,False
2023-07-27 16:16:45,entertainment,33.0,0.0,False
2023-07-27 13:56:25,groceries,54.84,0.0,False
2023-07-27 10:59:25,groceries,27.0,10.0,True
2023-07-27 10:27:49,bills,492.0,0.0,False
2023-07-25 16:36:34,household essentials,9.9,0.0,False
2023-07-27 01:12:38,bills,11.0,11.0,True
2023-07-27 16:29:00,meals,52.0,0.0,False
2023-07-27 09:28:30,groceries,26.0,0.0,False
2023-07-27 14:07:32,entertainment,25.0,25.0,True
2023-07-25 00:05:15,entertainment,31.59,0.0,False
2023-07-06 17:12:40,groceries,175.97,0.0,False
2023-07-26 17:50:57,clothing,150.0,0.0,False
2023-07-27 12:11:12,entertainment,86.0,0.0,False
2023-07-27 15:17:01,household essentials,33.0,0.0,False
2023-07-27 12:47:07,children,9.0,0.0,False
2023-07-25 23:17:00,household essentials,136.0,20.0,True
2023-07-27 15:16:27,meals,22.87,0.0,False
2023-07-26 10:58:55,entertainment,109.9,0.0,False
2023-07-25 11:07:05,meals,56.09,0.0,False
2023-07-26 03:58:13,school,36.0,0.0,False
2023-07-26 13:24:02,pets,172.95,0.0,False
2023-07-27 03:51:43,meals,23.0,0.0,False
2023-07-26 09:57:41,household essentials,27.0,0.0,False
2023-07-26 09:32:15,children,32.0,32.96,True
2023-07-25 19:56:36,transportation,14.85,0.0,False
2023-07-24 18:42:10,school,135.0,0.0,False
2023-07-26 19:36:50,clothing,275.0,0.0,False
2023-07-27 10:46:34,school,21.57,0.0,False
2023-07-27 00:34:31,groceries,6.0,0.0,False
2023-07-26 02:07:34,entertainment,38.22,0.0,False
2023-07-26 20:07:49,work,13.48,0.0,False
2023-07-27 07:42:58,entertainment,58.42,58.42,True
2023-07-27 07:09:16,entertainment,9.86,0.0,False
2023-07-25 20:50:22,entertainment,938.0,0.0,False
2023-07-26 21:58:02,household essentials,71.44,0.0,False
2023-07-26 16:29:13,entertainment,39.86,0.0,False
2023-07-27 05:06:12,work,16.0,0.0,False
2023-07-26 16:44:46,work,191.52,0.0,False
2023-07-27 10:50:45,entertainment,5.0,0.0,False
2023-07-26 19:32:18,entertainment,31.36,0.0,False
2023-07-26 23:57:37,entertainment,461.99,0.0,False
2023-07-27 10:29:55,meals,16.0,0.0,False
2023-07-24 21:28:23,pets,36.0,0.0,False
2023-07-27 11:48:07,entertainment,495.0,0.0,False
2023-07-26 04:34:33,clothing,328.0,0.0,False
2023-07-25 16:38:25,school,44.4,0.0,False
2023-07-26 10:35:10,groceries,25.72,0.0,False
2023-07-26 01:04:37,school,40.62,0.0,False
2023-07-26 17:46:45,work,26.0,26.0,True
2023-07-25 10:25:55,entertainment,42.02,0.0,False
2023-07-20 14:36:06,work,44.0,0.0,False
2023-07-27 09:14:32,clothing,11.0,11.0,True
2023-07-27 09:48:46,work,28.0,10.0,True
2023-07-25 06:44:32,clothing,76.0,0.0,False
2023-07-27 09:30:04,school,30.45,0.0,False
2023-07-26 18:24:30,emergency,30.0,7.0,True
2023-07-26 21:20:30,children,7.48,15.0,True
2023-07-26 20:15:58,work,53.78,0.0,False
2023-07-27 04:37:05,household essentials,69.86,0.0,False
2023-07-25 19:31:18,household essentials,23.0,0.0,False
2023-07-25 16:48:20,household essentials,31.08,0.0,False
2023-07-27 09:12:41,transportation,210.44,0.0,False
2023-07-25 12:53:57,bills,55.0,0.0,False
2023-07-25 18:17:08,entertainment,27.5,0.0,False
2023-07-12 12:10:39,school,19.2,0.0,False
2023-07-13 13:31:43,meals,60.94,61.0,True
2023-07-25 22:23:37,school,156.29,0.0,False
2023-07-27 07:44:32,school,220.15,0.0,False
2023-07-25 23:27:38,work,288.0,0.0,False
2023-07-21 23:21:16,work,103.0,0.0,False
2023-07-19 10:21:27,work,176.0,176.0,True
2023-07-20 07:39:11,clothing,108.11,0.0,False
2023-07-26 21:53:57,clothing,200.0,0.0,False
2023-07-26 10:07:45,groceries,65.0,0.0,False
2023-07-25 14:10:42,clothing,30.0,40.0,True
2023-07-27 05:32:49,meals,8.0,8.0,True
2023-07-25 16:24:14,pets,48.79,0.0,False
2023-07-25 16:54:59,groceries,46.49,0.0,False
2023-07-27 06:06:11,entertainment,86.0,0.0,False
2023-07-27 06:54:13,groceries,46.11,0.0,False
2023-07-25 11:20:34,household essentials,46.35,0.0,False
2023-07-26 21:15:16,school,11.0,11.0,True
2023-07-24 17:01:24,work,173.31,0.0,False
2023-07-25 16:25:23,bills,54.14,0.0,False
2023-07-26 23:42:26,entertainment,29.65,0.0,False
2023-07-26 23:23:40,entertainment,137.5,0.0,False
2023-07-26 20:14:53,meals,30.0,0.0,False
2023-07-26 17:43:05,entertainment,21.65,0.0,False
2023-07-24 11:46:16,entertainment,66.0,0.0,False
2023-07-24 12:41:23,bills,1379.62,0.0,False
2023-07-25 21:07:01,entertainment,6.99,0.0,False
2023-07-26 11:34:23,emergency,242.23,0.0,False
2023-07-26 02:15:35,entertainment,24.2,0.0,False
2023-07-25 14:07:56,kids,54.12,0.0,False
2023-07-26 21:31:58,groceries,19.85,0.0,False
2023-07-26 22:00:30,meals,11.3,0.0,False
2023-07-21 18:19:58,entertainment,121.74,0.0,False
2023-07-26 16:54:36,groceries,31.91,31.91,True
2023-07-26 20:33:43,work,17.5,0.0,False
2023-07-25 21:45:11,school,52.0,0.0,False
2023-07-26 21:41:16,household essentials,144.0,0.0,False
2023-07-26 20:06:55,household essentials,27.24,0.0,False
2023-07-26 21:07:28,housing,182.62,0.0,False
2023-07-26 18:28:34,entertainment,6.0,6.0,True
2023-07-25 14:51:35,bills,132.0,0.0,False
2023-07-25 14:44:30,entertainment,44.0,4.0,True
2023-07-25 21:53:04,entertainment,30.78,0.0,False
2023-07-24 17:07:18,meals,11.05,12.0,True
2023-07-26 10:45:53,clothing,99.0,0.0,False
2023-07-25 17:18:26,entertainment,39.0,0.0,False
2023-04-25 11:00:47,emergency,374.0,55.0,True
2023-07-21 22:48:29,meals,28.0,0.0,False
2023-07-26 18:49:02,school,11.0,0.0,False
2023-07-25 22:13:38,meals,25.0,0.0,False
2023-07-26 17:44:25,meals,39.0,0.0,False
2023-07-25 20:08:58,entertainment,29.24,0.0,False
2023-07-25 15:14:07,transportation,20.0,0.0,False
2023-07-26 17:28:26,meals,16.0,0.0,False
2023-07-26 14:38:25,groceries,23.52,0.0,False
2023-07-26 18:56:40,groceries,19.18,19.18,True
2023-07-26 18:21:03,groceries,14.75,0.0,False
2023-07-26 16:38:12,school,76.99,0.0,False
2023-07-25 13:42:26,groceries,8.87,8.87,True
2023-07-26 11:14:19,entertainment,10.62,0.0,False
2023-07-25 21:40:19,work,28.48,0.0,False
2023-07-26 18:22:47,groceries,14.01,0.0,False
2023-07-26 18:02:26,entertainment,18.0,0.0,False
2023-07-19 16:28:32,work,93.5,0.0,False
2023-07-24 17:14:30,work,238.0,10.0,True
2023-07-19 06:00:50,entertainment,27.37,0.0,False
2023-07-26 12:05:37,entertainment,22.0,0.0,False
2023-07-26 16:57:52,entertainment,42.35,0.0,False
2023-07-25 13:35:50,groceries,168.0,0.0,False
2023-07-24 17:35:05,entertainment,44.0,0.0,False
2023-07-24 09:36:43,bills,30.0,30.0,True
2023-07-26 13:20:35,meals,26.0,0.0,False
2023-07-26 15:24:33,work,22.0,22.0,True
2023-07-20 16:58:12,entertainment,262.0,0.0,False
2023-07-26 13:17:53,bills,99.35,0.0,False
2023-07-26 01:08:48,entertainment,11.0,0.0,False
2023-07-25 10:53:32,children,138.08,0.0,False
2023-07-26 16:47:17,emergency,17.11,0.0,False
2023-07-25 15:47:39,emergency,193.0,0.0,False
2023-07-25 18:17:27,emergency,15.5,0.0,False
2023-07-26 03:16:01,entertainment,44.0,0.0,False
2023-07-26 15:53:17,work,40.0,0.0,False
2023-07-26 16:25:38,emergency,278.51,0.0,False
2023-07-26 15:48:28,entertainment,37.0,0.0,False
2023-07-26 15:00:10,groceries,30.0,0.0,False
2023-07-26 08:07:46,pets,15.0,15.0,True
2023-07-26 12:40:02,meals,17.0,17.0,True
2023-07-20 15:08:25,entertainment,73.13,0.0,False
2023-07-26 16:07:22,children,60.0,0.0,False
2023-07-25 16:17:12,school,38.66,0.0,False
2023-07-25 19:03:38,school,72.0,0.0,False
2023-07-26 08:39:21,housing,208.71,0.0,False
2023-07-17 14:33:36,school,90.18,0.0,False
2023-07-13 13:39:43,entertainment,66.0,0.0,False
2023-07-17 11:09:37,school,51.0,0.0,False
2023-07-26 08:28:11,entertainment,20.0,0.0,False
2023-07-25 06:37:34,transportation,61.2,0.0,False
2023-07-25 14:25:12,entertainment,29.7,29.7,True
2023-07-24 11:41:57,children,127.35,0.0,False
2023-07-26 10:18:07,transportation,30.0,0.0,False
2023-07-20 16:07:35,school,59.28,0.0,False
2023-07-26 10:13:17,work,9.58,0.0,False
2023-07-24 19:13:42,emergency,595.48,0.0,False
2023-07-26 14:16:38,school,71.5,0.0,False
2023-07-26 09:34:37,emergency,28.0,0.0,False
2023-07-26 13:04:09,emergency,22.0,0.0,False
2023-07-25 18:38:25,entertainment,26.4,0.0,False
2023-07-26 12:33:16,meals,15.0,0.0,False
2023-07-21 16:20:01,entertainment,50.0,0.0,False
2023-07-26 13:19:28,entertainment,24.4,0.0,False
2023-07-26 13:07:15,meals,17.6,0.0,False
2023-07-25 14:49:43,emergency,27.67,0.0,False
2023-07-25 11:49:15,bills,130.4,0.0,False
2023-07-26 11:13:13,meals,33.42,0.0,False
2023-07-26 11:17:03,emergency,25.0,0.0,False
2023-07-25 22:05:04,work,113.51,0.0,False
2023-07-25 15:04:58,bills,388.72,0.0,False
2023-07-26 12:18:13,entertainment,30.0,0.0,False
2023-07-26 12:04:41,entertainment,46.44,0.0,False
2023-07-17 19:54:04,pets,576.44,178.93,True
2023-07-26 00:46:55,work,8.33,10.0,True
2023-07-26 11:03:28,meals,12.0,0.0,False
2023-07-26 10:35:46,meals,8.73,9.0,True
2023-07-25 12:40:38,bills,7.73,0.0,False
2023-07-25 22:11:25,emergency,250.0,0.0,False
2023-07-25 16:59:13,household essentials,47.0,0.0,False
2023-07-24 22:26:42,entertainment,23.0,0.0,False
2023-07-25 00:19:31,school,187.39,0.0,False
2023-07-25 15:24:23,groceries,21.0,0.0,False
2023-07-19 11:49:34,emergency,20.0,0.0,False
2023-07-18 14:55:47,school,164.0,0.0,False
2023-07-26 10:28:58,work,22.0,0.0,False
2023-07-26 11:06:46,entertainment,35.0,0.0,False
2023-07-18 23:18:07,groceries,24.0,0.0,False
2023-07-25 14:53:40,bills,184.5,0.0,False
2023-07-24 10:22:14,entertainment,6.0,6.0,True
2023-07-20 16:51:41,entertainment,22.0,32.0,True
2023-07-25 19:01:40,school,74.0,0.0,False
2023-07-25 19:21:42,entertainment,18.59,0.0,False
2023-07-26 10:33:57,groceries,70.0,0.0,False
2023-07-21 13:19:31,school,257.0,0.0,False
2023-07-25 12:52:25,entertainment,22.0,0.0,False
2023-07-25 17:06:53,household essentials,17.09,0.0,False
2023-07-26 09:18:43,entertainment,7.99,0.0,False
2023-07-25 19:10:45,groceries,80.8,0.0,False
2023-07-26 04:03:34,bills,11.0,0.0,False
2023-07-25 16:10:15,clothing,24.0,10.0,True
2023-07-25 08:29:47,pets,88.0,0.0,False
2023-07-26 09:22:13,entertainment,68.4,0.0,False
2023-07-25 15:37:35,children,74.69,0.0,False
2023-07-25 18:01:34,children,113.0,0.0,False
2023-07-26 08:41:44,work,70.43,0.0,False
2023-07-20 07:37:54,household essentials,107.0,0.0,False
2023-07-25 12:17:16,groceries,16.71,0.0,False
2023-07-26 07:53:51,meals,32.91,0.0,False
2023-07-26 07:33:30,entertainment,12.0,0.0,False
2023-07-26 01:36:17,school,44.85,0.0,False
2023-07-25 22:20:07,household essentials,107.85,0.0,False
2019-09-08 17:27:40,entertainment,110.0,0.0,False
2023-07-25 10:45:00,emergency,196.93,66.0,True
2023-07-24 10:09:57,transportation,24.37,0.0,False
2023-07-25 19:09:42,household essentials,22.0,17.0,True
2023-07-25 05:48:28,household essentials,58.0,0.0,False
2023-07-25 23:08:45,work,12.0,0.0,False
2023-07-26 01:58:33,clothing,57.94,0.0,False
2023-07-26 01:33:00,children,42.75,0.0,False
2023-07-26 01:16:35,meals,22.96,0.0,False
2023-07-20 22:18:35,school,24.0,0.0,False
2023-07-24 21:03:34,bills,71.5,0.0,False
2023-07-25 11:52:59,meals,4.19,9.19,True
2023-07-25 23:04:37,entertainment,10.99,0.0,False
2023-07-25 20:13:40,groceries,15.0,0.0,False
2023-07-25 01:23:04,work,98.84,0.0,False
2023-07-25 21:58:56,transportation,77.0,0.0,False
2023-07-25 23:25:24,groceries,43.0,0.0,False
2023-07-25 23:09:37,meals,23.89,0.0,False
2023-07-24 20:03:06,household essentials,13.1,0.0,False
2023-07-25 22:17:50,pets,42.0,0.0,False
2023-07-25 14:37:11,bills,249.59,0.0,False
2023-07-25 22:34:59,meals,30.17,0.0,False
2023-07-25 00:25:18,groceries,17.0,17.0,True
2023-07-25 09:06:22,children,57.0,0.0,False
2023-07-25 21:43:43,work,11.0,0.0,False
2023-07-25 19:23:19,housing,476.78,0.0,False
2023-07-24 21:18:58,entertainment,110.0,0.0,False
2023-07-25 13:32:30,groceries,30.0,0.0,False
2023-07-24 20:44:05,bills,297.0,0.0,False
2023-07-24 10:26:04,groceries,21.0,0.0,False
2023-07-17 22:23:28,clothing,66.75,0.0,False
2023-07-25 15:44:57,transportation,8.78,0.0,False
2023-07-25 03:57:42,work,24.0,0.0,False
2023-07-25 14:48:08,groceries,63.63,0.0,False
2023-07-25 20:27:37,entertainment,25.0,0.0,False
2023-07-25 00:11:57,entertainment,28.7,0.0,False
2023-07-25 20:09:41,pets,28.62,0.0,False
2023-06-12 09:40:28,entertainment,464.7,0.0,False
2023-07-25 19:33:51,entertainment,24.43,0.0,False
2023-07-25 19:35:46,entertainment,35.0,0.0,False
2023-07-21 14:59:55,clothing,52.47,0.0,False
2023-07-24 19:57:50,groceries,101.88,0.0,False
2023-07-24 09:48:42,entertainment,132.0,0.0,False
2023-07-20 19:07:51,entertainment,41.29,0.0,False
2023-07-24 17:18:31,entertainment,33.0,0.0,False
2023-07-25 15:11:50,meals,8.66,9.0,True
2023-07-24 19:54:26,children,52.76,0.0,False
2023-07-25 16:15:33,groceries,37.47,5.0,True
2023-07-24 23:55:53,entertainment,7.23,0.0,False
2023-07-25 19:48:01,school,118.77,0.0,False
2023-07-25 18:34:00,meals,45.34,0.0,False
2023-07-25 18:43:13,entertainment,11.6,0.0,False
2023-07-24 19:28:07,work,50.0,0.0,False
2023-07-25 11:22:03,transportation,12.0,0.0,False
2023-07-25 15:32:01,entertainment,11.65,0.0,False
2023-07-24 21:14:02,entertainment,34.0,0.0,False
2023-07-25 18:29:14,entertainment,275.0,0.0,False
2023-07-24 19:49:10,entertainment,53.29,0.0,False
2023-07-20 21:02:03,school,140.81,0.0,False
2023-07-24 19:37:10,groceries,65.0,0.0,False
2023-07-25 12:37:24,work,22.0,0.0,False
2023-07-20 16:56:50,entertainment,79.2,0.0,False
2023-07-24 12:03:52,entertainment,28.0,0.0,False
2023-07-10 20:14:05,work,12.0,0.0,False
2023-07-25 09:09:15,work,10.52,0.0,False
2023-07-25 11:51:43,work,12.86,0.0,False
2023-07-24 15:10:51,groceries,7.5,0.0,False
2023-07-25 16:28:45,groceries,62.0,0.0,False
2023-07-25 11:12:48,work,27.0,0.0,False
2023-07-24 19:31:56,meals,39.83,0.0,False
2023-07-25 14:22:26,groceries,22.0,0.0,False
2023-07-19 02:01:11,bills,391.62,0.0,False
2023-07-25 08:45:43,groceries,16.5,0.0,False
2023-07-24 12:45:16,entertainment,20.0,20.0,True
2023-07-24 10:06:32,children,88.0,0.0,False
2023-07-24 17:39:18,emergency,145.0,7.0,True
2023-07-24 16:40:03,entertainment,60.8,0.0,False
2023-07-24 17:57:38,entertainment,35.0,0.0,False
2023-07-24 15:31:57,children,20.19,0.0,False
2023-07-25 16:14:53,bills,11.64,0.0,False
2023-07-25 16:07:34,household essentials,37.7,0.0,False
2023-07-24 19:23:36,meals,50.12,0.0,False
2023-07-25 08:32:14,children,90.95,62.54,True
2023-07-24 17:26:23,household essentials,55.38,55.38,True
2023-07-25 15:23:47,bills,387.8,0.0,False
2023-07-25 14:09:01,work,8.91,9.0,True
2023-07-25 04:23:20,meals,10.42,0.0,False
2023-07-25 09:44:28,children,9.68,0.0,False
2023-07-25 11:57:43,entertainment,161.58,0.0,False
2023-04-17 16:49:14,pets,49.5,0.0,False
2023-07-25 10:13:23,groceries,125.0,0.0,False
2023-07-25 11:48:22,entertainment,35.7,0.0,False
2023-07-24 20:22:40,groceries,11.0,20.0,True
2023-07-25 15:06:42,entertainment,38.5,0.0,False
2023-07-24 10:38:07,meals,51.0,0.0,False
2023-07-25 14:35:17,meals,22.62,0.0,False
2023-07-24 12:22:53,clothing,155.33,0.0,False
2023-07-25 13:21:29,groceries,25.0,0.0,False
2023-07-25 13:15:18,transportation,40.0,0.0,False
2023-07-21 14:19:26,clothing,45.87,0.0,False
2023-07-24 10:10:13,bills,11.0,0.0,False
2023-07-25 14:09:30,meals,25.8,0.0,False
2023-07-25 10:01:19,entertainment,16.0,0.0,False
2023-06-14 17:20:37,children,36.96,0.0,False
2023-07-25 14:03:02,groceries,42.0,0.0,False
2023-07-25 13:14:34,meals,28.57,0.0,False
2023-07-24 13:34:29,emergency,63.0,0.0,False
2023-07-25 10:44:18,meals,21.42,0.0,False
2023-07-25 13:43:23,entertainment,11.0,0.0,False
2023-07-25 13:37:16,meals,40.09,0.0,False
2023-07-24 11:06:34,entertainment,40.0,25.0,True
2023-07-21 00:21:15,entertainment,21.0,21.0,True
2023-07-24 11:03:03,pets,15.0,16.0,True
2023-07-24 19:45:30,school,77.76,0.0,False
2023-07-25 10:14:53,pets,96.0,0.0,False
2023-07-24 18:09:35,groceries,8.5,0.0,False
2023-07-25 07:22:00,transportation,16.5,0.0,False
2023-07-24 22:38:38,transportation,27.5,0.0,False
2023-07-25 12:59:39,entertainment,19.8,0.0,False
2023-07-25 02:08:34,emergency,1100.0,0.0,False
2023-07-25 12:55:12,meals,24.92,0.0,False
2023-07-24 08:19:37,groceries,21.0,0.0,False
2023-07-25 11:26:49,emergency,11.0,0.0,False
2023-07-24 16:01:23,pets,84.7,0.0,False
2023-07-24 15:43:46,entertainment,8.5,0.0,False
2023-07-24 19:27:07,entertainment,45.0,0.0,False
2023-07-24 12:25:57,work,16.5,0.0,False
2023-07-20 19:15:07,bills,369.25,0.0,False
2023-07-24 15:58:10,school,72.0,0.0,False
2023-07-25 11:50:46,clothing,130.02,0.0,False
2023-07-25 11:47:53,meals,15.0,0.0,False
2023-07-24 16:32:54,emergency,169.9,169.9,True
2022-11-14 19:52:05,entertainment,220.0,0.0,False
2023-07-25 09:03:39,entertainment,11.0,0.0,False
2023-07-24 20:51:33,meals,14.3,0.0,False
2023-07-25 10:52:39,meals,33.5,0.0,False
2023-07-25 08:51:59,work,8.41,0.0,False
2023-07-17 12:50:05,bills,294.37,0.0,False
2023-07-25 10:24:31,meals,24.0,0.0,False
2023-07-25 09:55:58,school,297.0,0.0,False
2023-07-20 16:25:28,groceries,111.0,0.0,False
2023-07-25 09:05:34,clothing,22.0,0.0,False
2023-07-24 23:03:04,entertainment,5.99,0.0,False
2023-07-24 12:41:15,groceries,11.0,35.0,True
2023-07-24 12:56:01,household essentials,6.16,0.0,False
2023-07-24 16:50:45,children,30.35,0.0,False
2023-07-24 19:03:24,entertainment,23.63,0.0,False
2023-06-28 08:22:03,meals,10.3,0.0,False
2023-07-25 07:36:37,entertainment,16.61,0.0,False
2023-07-24 15:54:30,transportation,23.95,0.0,False
2023-07-24 20:39:41,entertainment,36.98,0.0,False
2023-07-24 18:28:37,work,59.0,0.0,False
2023-07-24 16:26:17,children,27.0,0.0,False
2023-07-24 20:42:59,children,26.0,0.0,False
2023-07-25 00:59:02,emergency,78.96,0.0,False
2023-07-24 23:13:13,clothing,85.55,0.0,False
2023-07-24 17:57:53,entertainment,25.0,0.0,False
2023-07-05 06:11:27,children,44.52,5.0,True
2023-07-21 08:15:24,entertainment,8.0,8.0,True
2023-07-19 13:54:36,household essentials,935.0,0.0,False
2023-07-24 13:53:31,entertainment,459.8,0.0,False
2023-07-24 13:59:26,children,37.0,0.0,False
2023-07-24 19:00:17,groceries,16.0,0.0,False
2023-07-24 19:51:24,children,26.74,0.0,False
2023-07-19 07:36:29,transportation,60.0,0.0,False
2023-07-24 20:21:30,meals,27.28,0.0,False
2023-07-24 11:37:31,meals,23.53,0.0,False
2023-07-24 19:31:25,entertainment,8.7,8.7,True
2023-07-24 18:12:54,school,34.6,0.0,False
2023-07-24 15:38:03,entertainment,356.4,0.0,False
2023-07-24 16:35:21,bills,100.0,0.0,False
2023-07-21 14:55:18,school,117.0,0.0,False
2023-07-24 17:17:24,entertainment,22.0,0.0,False
2023-07-24 15:08:58,entertainment,114.67,0.0,False
2023-07-24 10:02:54,groceries,30.0,30.0,True
2023-07-24 17:50:52,entertainment,25.0,0.0,False
2023-07-24 12:55:55,groceries,27.5,0.0,False
2023-07-24 16:01:10,clothing,85.0,0.0,False
2023-07-24 11:38:36,entertainment,9.4,0.0,False
2023-07-24 09:59:56,entertainment,21.75,0.0,False
2023-07-24 17:57:37,groceries,30.0,0.0,False
2023-07-21 14:45:26,entertainment,154.07,0.0,False
2023-07-24 14:28:52,entertainment,80.0,0.0,False
2023-07-24 19:33:14,groceries,18.92,19.0,True
2023-07-24 19:10:44,meals,35.0,0.0,False
2023-07-24 17:32:50,meals,14.0,0.0,False
2023-07-24 12:56:36,groceries,11.0,0.0,False
2023-07-24 18:38:26,meals,38.77,0.0,False
2023-07-24 15:13:34,meals,13.15,0.0,False
2023-07-24 17:22:14,entertainment,44.0,0.0,False
2023-07-24 16:21:09,children,36.0,0.0,False
2023-07-24 10:11:37,entertainment,39.6,0.0,False
2023-07-24 16:17:39,work,15.37,0.0,False
2023-07-24 18:18:56,groceries,5.36,0.0,False
2023-07-14 21:02:46,entertainment,18.1,0.0,False
2023-07-24 05:34:05,entertainment,30.0,0.0,False
2023-07-24 18:50:58,work,22.0,22.0,True
2023-07-24 10:49:45,groceries,22.0,0.0,False
2023-07-24 13:45:15,work,21.18,0.0,False
2023-07-24 17:52:45,household essentials,42.1,0.0,False
2023-07-24 09:37:39,clothing,40.0,0.0,False
2023-07-24 18:10:12,bills,98.0,0.0,False
2023-07-21 17:35:00,entertainment,18.0,0.0,False
2023-07-24 17:02:22,entertainment,2.0,2.0,True
2023-07-19 01:17:28,children,59.54,0.0,False
2023-07-24 14:11:52,meals,31.9,0.0,False
2023-07-24 17:42:13,meals,10.0,0.0,False
2023-07-24 17:03:54,entertainment,44.0,0.0,False
2023-07-24 17:19:28,bills,76.57,0.0,False
2023-07-12 21:44:04,entertainment,13.74,0.0,False
2023-07-24 15:15:00,meals,16.5,0.0,False
2023-07-24 12:58:08,meals,41.0,0.0,False
2023-07-24 16:34:19,meals,156.24,0.0,False
2023-07-24 14:11:01,bills,30.5,0.0,False
2023-07-24 15:07:22,groceries,17.0,0.0,False
2023-07-24 08:38:03,meals,8.25,0.0,False
2023-07-24 08:05:00,children,15.0,0.0,False
2023-07-24 14:38:09,meals,27.0,0.0,False
2023-07-24 09:35:50,household essentials,30.95,0.0,False
2023-07-20 21:19:15,school,141.08,0.0,False
2023-07-24 15:37:17,entertainment,13.93,0.0,False
2023-07-24 12:58:04,entertainment,38.0,0.0,False
2023-07-24 12:00:31,pets,25.0,0.0,False
2023-07-24 13:27:27,meals,7.54,2.0,True
2023-07-19 08:16:49,work,11.0,11.0,True
2023-07-20 17:08:43,work,173.31,0.0,False
2023-07-24 10:39:45,bills,161.76,0.0,False
2023-07-20 12:08:04,bills,275.0,0.0,False
2023-07-20 13:59:21,school,56.66,0.0,False
2023-07-24 09:39:35,transportation,22.0,0.0,False
2023-07-18 11:46:06,work,480.21,0.0,False
2023-07-24 12:39:35,work,706.12,0.0,False
2023-07-24 06:44:54,emergency,85.0,0.0,False
2023-07-21 16:53:07,meals,39.89,0.0,False
2023-07-24 10:55:21,entertainment,5.82,0.0,False
2023-07-24 09:22:17,children,15.0,0.0,False
2023-07-20 16:17:46,kids,9.8,9.8,True
2023-07-19 03:08:13,transportation,30.0,30.0,True
2023-07-24 07:07:24,entertainment,7.0,0.0,False
2023-07-24 11:34:27,entertainment,55.0,0.0,False
2023-07-24 10:45:44,meals,11.96,0.0,False
2023-07-24 11:26:34,work,15.32,0.0,False
2023-07-24 08:01:32,entertainment,3.0,3.0,True
2023-07-24 08:36:32,entertainment,12.22,0.0,False
2023-07-24 10:25:53,work,45.65,0.0,False
2023-07-20 16:06:38,entertainment,45.0,0.0,False
2023-07-21 11:28:32,bills,61.0,0.0,False
2023-07-19 18:11:31,work,49.5,0.0,False
2023-07-14 08:42:26,bills,188.0,0.0,False
2023-07-20 23:14:57,pets,55.0,50.0,True
2023-07-24 07:14:36,household essentials,23.67,0.0,False
2023-07-20 23:41:55,entertainment,12.1,0.0,False
2023-07-20 14:00:38,children,66.0,0.0,False
2023-07-21 12:24:02,school,79.0,0.0,False
2023-03-08 08:00:03,household essentials,200.77,20.0,True
2023-07-21 12:16:17,groceries,14.0,14.0,True
2023-07-21 17:27:03,school,175.98,0.0,False
2023-07-19 04:38:34,entertainment,54.16,0.0,False
2023-07-21 15:24:09,bills,740.0,0.0,False
2023-07-18 02:40:20,emergency,94.0,126.0,True
2023-07-21 18:58:21,groceries,14.47,0.0,False
2023-07-21 19:13:13,groceries,88.57,0.0,False
2023-07-21 19:59:33,children,7.09,0.0,False
2023-07-21 23:50:54,emergency,50.88,0.0,False
2023-07-21 09:45:28,groceries,59.94,0.0,False
2023-07-21 23:23:52,children,32.97,0.0,False
2023-07-21 22:57:13,entertainment,24.0,0.0,False
2023-07-21 18:31:50,meals,7.0,11.0,True
2023-07-21 18:50:48,work,24.0,0.0,False
2023-07-21 10:38:44,entertainment,3.21,0.0,False
2023-07-21 14:54:40,work,43.45,0.0,False
2023-07-21 23:30:53,entertainment,30.34,0.0,False
2023-07-21 16:58:53,groceries,70.0,0.0,False
2023-07-20 15:16:49,entertainment,29.34,0.0,False
2023-07-19 09:58:37,pets,102.85,0.0,False
2023-07-21 20:50:40,bills,140.46,0.0,False
2023-07-21 05:29:10,emergency,698.0,0.0,False
2023-07-21 21:16:29,pets,94.14,0.0,False
2023-07-18 09:34:28,school,45.0,12.0,True
2023-07-21 21:42:05,entertainment,46.45,0.0,False
2023-07-21 22:05:17,emergency,218.99,0.0,False
2023-07-20 21:57:52,entertainment,13.0,0.0,False
2023-07-21 02:12:29,entertainment,45.0,0.0,False
2023-07-20 12:43:10,meals,14.0,7.0,True
2023-07-21 19:21:52,meals,33.0,0.0,False
2023-07-21 16:48:27,groceries,32.0,0.0,False
2023-07-21 03:40:11,entertainment,27.0,0.0,False
2023-07-20 16:12:08,meals,51.0,0.0,False
2023-07-21 18:53:31,bills,213.13,0.0,False
2023-07-21 17:27:12,entertainment,38.0,0.0,False
2023-07-21 11:03:33,bills,104.73,0.0,False
2023-07-21 17:53:45,work,33.0,0.0,False
2023-07-21 18:42:41,clothing,31.17,0.0,False
2023-07-21 18:29:47,bills,65.37,0.0,False
2023-07-20 15:01:23,entertainment,26.0,26.0,True
2023-07-21 18:15:06,entertainment,20.16,0.0,False
2023-07-20 08:06:02,emergency,44.07,0.0,False
2023-07-21 13:15:35,entertainment,20.21,0.0,False
2023-07-21 15:40:03,groceries,55.0,0.0,False
2023-07-18 20:45:02,kids,94.09,0.0,False
2023-07-21 18:29:43,entertainment,23.07,24.0,True
2023-07-21 17:27:49,meals,41.16,0.0,False
2023-07-21 16:31:53,emergency,16.5,0.0,False
2023-07-21 11:18:32,entertainment,49.8,0.0,False
2023-07-21 13:24:35,entertainment,55.0,0.0,False
2023-07-21 05:38:46,entertainment,54.18,0.0,False
2023-07-14 10:47:58,transportation,34.0,0.0,False
2023-07-20 17:00:21,household essentials,22.0,0.0,False
2023-07-21 16:48:37,bills,55.0,0.0,False
2023-07-21 01:38:06,work,22.0,0.0,False
2023-07-18 17:21:23,groceries,114.53,25.0,True
2023-07-20 13:31:10,household essentials,40.0,0.0,False
2023-07-21 16:04:36,bills,63.5,0.0,False
2023-07-20 07:23:01,household essentials,75.0,0.0,False
2023-07-19 21:13:46,pets,89.0,0.0,False
2023-07-21 12:44:56,work,10.0,0.0,False
2023-07-21 15:17:29,meals,24.92,0.0,False
2023-07-21 14:48:30,meals,35.0,0.0,False
2023-07-20 14:46:51,groceries,37.0,0.0,False
2023-07-20 18:09:48,bills,465.98,0.0,False
2023-07-19 21:44:40,entertainment,12.0,0.0,False
2023-07-18 23:55:43,groceries,22.0,0.0,False
2023-07-20 19:36:41,pets,59.0,0.0,False
2023-07-20 14:50:40,household essentials,144.0,0.0,False
2023-07-21 16:30:54,meals,16.43,0.0,False
2023-07-20 21:44:05,entertainment,7.0,0.0,False
2023-07-21 04:23:58,groceries,137.07,0.0,False
2023-07-17 11:18:42,work,58.0,0.0,False
2023-07-19 17:30:33,entertainment,75.9,0.0,False
2023-07-20 23:23:42,school,43.0,0.0,False
2023-07-20 18:10:34,work,22.0,0.0,False
2023-07-20 20:43:57,pets,9.0,9.0,True
2023-07-20 15:09:44,groceries,92.4,0.0,False
2023-07-20 22:03:31,children,19.23,20.0,True
2023-07-20 12:36:08,entertainment,10.0,0.0,False
2023-07-20 14:56:18,transportation,11.0,0.0,False
2023-07-21 14:03:59,groceries,11.32,0.0,False
2023-07-17 12:55:30,entertainment,19.19,0.0,False
2023-07-17 09:04:50,bills,65.29,0.0,False
2023-07-20 22:22:17,children,22.0,0.0,False
2023-07-17 22:20:08,clothing,69.95,0.0,False
2023-07-21 13:13:03,entertainment,330.0,0.0,False
2023-07-21 15:04:04,meals,68.66,0.0,False
2023-07-21 13:34:52,meals,12.88,0.0,False
2023-07-19 16:09:48,transportation,27.5,0.0,False
